$MeshFormat
2.2 0 8
$EndMeshFormat
$Nodes
1871
1 0 0 0
2 -2 2 0
3 2 2 0
4 2 -2 0
5 -2 -2 0
6 -3.535533905932737 3.535533905932738 0
7 3.535533905932738 3.535533905932737 0
8 3.535533905932738 -3.535533905932737 0
9 -3.535533905932737 -3.535533905932738 0
10 -2 2 10
11 2 2 10
12 2 -2 10
13 -2 -2 10
14 3.535533905932738 3.535533905932737 10
15 0 0 10
16 -3.535533905932737 3.535533905932738 10
17 3.535533905932738 -3.535533905932737 10
18 -3.535533905932737 -3.535533905932738 10
19 -1.000000000002773 2 0
20 -5.500488953202876e-12 2 0
21 0.999999999997228 2 0
22 2 1.000000000002773 0
23 2 5.500488953202876e-12 0
24 2 -0.999999999997228 0
25 1.000000000002773 -2 0
26 5.500488953202876e-12 -2 0
27 -0.999999999997228 -2 0
28 -2 -1.000000000002773 0
29 -2 -5.500488953202876e-12 0
30 -2 0.999999999997228 0
31 -2.383883476482556 2.383883476482556 0
32 -2.767766952963897 2.767766952963897 0
33 -3.151650429447927 3.151650429447927 0
34 2.383883476482556 2.383883476482556 0
35 2.767766952963897 2.767766952963897 0
36 3.151650429447927 3.151650429447927 0
37 2.383883476482556 -2.383883476482556 0
38 2.767766952963897 -2.767766952963897 0
39 3.151650429447927 -3.151650429447927 0
40 -2.383883476482556 -2.383883476482556 0
41 -2.767766952963897 -2.767766952963897 0
42 -3.151650429447927 -3.151650429447927 0
43 -1.91341715498366 4.619397665390395 0
44 1.221111700644428e-08 5 0
45 1.913417167252337 4.619397660308543 0
46 4.619397664631718 1.91341715681527 0
47 5 -1.093800339191375e-08 0
48 4.619397660511952 -1.913417166761265 0
49 1.913417155581292 -4.619397665142849 0
50 -1.156303319760354e-08 -5 0
51 -1.913417167262902 -4.619397660304166 0
52 -4.619397664766907 -1.913417156488894 0
53 -5 9.991544036580535e-09 0
54 -4.619397660435617 1.913417166945554 0
55 -1.000000000002773 2 10
56 -5.500488953202876e-12 2 10
57 0.999999999997228 2 10
58 2 1.000000000002773 10
59 2 5.500488953202876e-12 10
60 2 -0.999999999997228 10
61 1.000000000002773 -2 10
62 5.500488953202876e-12 -2 10
63 -0.999999999997228 -2 10
64 -2 -1.000000000002773 10
65 -2 -5.500488953202876e-12 10
66 -2 0.999999999997228 10
67 -2 2 0.5
68 -2 2 1
69 -2 2 1.5
70 -2 2 2
71 -2 2 2.5
72 -2 2 3
73 -2 2 3.5
74 -2 2 4
75 -2 2 4.5
76 -2 2 5
77 -2 2 5.5
78 -2 2 6
79 -2 2 6.5
80 -2 2 7
81 -2 2 7.5
82 -2 2 8
83 -2 2 8.5
84 -2 2 9
85 -2 2 9.5
86 2 2 0.5
87 2 2 1
88 2 2 1.5
89 2 2 2
90 2 2 2.5
91 2 2 3
92 2 2 3.5
93 2 2 4
94 2 2 4.5
95 2 2 5
96 2 2 5.5
97 2 2 6
98 2 2 6.5
99 2 2 7
100 2 2 7.5
101 2 2 8
102 2 2 8.5
103 2 2 9
104 2 2 9.5
105 2 -2 0.5
106 2 -2 1
107 2 -2 1.5
108 2 -2 2
109 2 -2 2.5
110 2 -2 3
111 2 -2 3.5
112 2 -2 4
113 2 -2 4.5
114 2 -2 5
115 2 -2 5.5
116 2 -2 6
117 2 -2 6.5
118 2 -2 7
119 2 -2 7.5
120 2 -2 8
121 2 -2 8.5
122 2 -2 9
123 2 -2 9.5
124 -2 -2 0.5
125 -2 -2 1
126 -2 -2 1.5
127 -2 -2 2
128 -2 -2 2.5
129 -2 -2 3
130 -2 -2 3.5
131 -2 -2 4
132 -2 -2 4.5
133 -2 -2 5
134 -2 -2 5.5
135 -2 -2 6
136 -2 -2 6.5
137 -2 -2 7
138 -2 -2 7.5
139 -2 -2 8
140 -2 -2 8.5
141 -2 -2 9
142 -2 -2 9.5
143 2.383883476482556 2.383883476482556 10
144 2.767766952963897 2.767766952963897 10
145 3.151650429447927 3.151650429447927 10
146 1.913417167252337 4.619397660308543 10
147 1.221111700644428e-08 5 10
148 -1.91341715498366 4.619397665390395 10
149 -3.151650429447927 3.151650429447927 10
150 -2.767766952963897 2.767766952963897 10
151 -2.383883476482556 2.383883476482556 10
152 3.535533905932738 3.535533905932737 0.5
153 3.535533905932738 3.535533905932737 1
154 3.535533905932738 3.535533905932737 1.5
155 3.535533905932738 3.535533905932737 2
156 3.535533905932738 3.535533905932737 2.5
157 3.535533905932738 3.535533905932737 3
158 3.535533905932738 3.535533905932737 3.5
159 3.535533905932738 3.535533905932737 4
160 3.535533905932738 3.535533905932737 4.5
161 3.535533905932738 3.535533905932737 5
162 3.535533905932738 3.535533905932737 5.5
163 3.535533905932738 3.535533905932737 6
164 3.535533905932738 3.535533905932737 6.5
165 3.535533905932738 3.535533905932737 7
166 3.535533905932738 3.535533905932737 7.5
167 3.535533905932738 3.535533905932737 8
168 3.535533905932738 3.535533905932737 8.5
169 3.535533905932738 3.535533905932737 9
170 3.535533905932738 3.535533905932737 9.5
171 -3.535533905932737 3.535533905932738 0.5
172 -3.535533905932737 3.535533905932738 1
173 -3.535533905932737 3.535533905932738 1.5
174 -3.535533905932737 3.535533905932738 2
175 -3.535533905932737 3.535533905932738 2.5
176 -3.535533905932737 3.535533905932738 3
177 -3.535533905932737 3.535533905932738 3.5
178 -3.535533905932737 3.535533905932738 4
179 -3.535533905932737 3.535533905932738 4.5
180 -3.535533905932737 3.535533905932738 5
181 -3.535533905932737 3.535533905932738 5.5
182 -3.535533905932737 3.535533905932738 6
183 -3.535533905932737 3.535533905932738 6.5
184 -3.535533905932737 3.535533905932738 7
185 -3.535533905932737 3.535533905932738 7.5
186 -3.535533905932737 3.535533905932738 8
187 -3.535533905932737 3.535533905932738 8.5
188 -3.535533905932737 3.535533905932738 9
189 -3.535533905932737 3.535533905932738 9.5
190 2.383883476482556 -2.383883476482556 10
191 2.767766952963897 -2.767766952963897 10
192 3.151650429447927 -3.151650429447927 10
193 4.619397660511952 -1.913417166761265 10
194 5 -1.093800339191375e-08 10
195 4.619397664631718 1.91341715681527 10
196 3.535533905932738 -3.535533905932737 0.5
197 3.535533905932738 -3.535533905932737 1
198 3.535533905932738 -3.535533905932737 1.5
199 3.535533905932738 -3.535533905932737 2
200 3.535533905932738 -3.535533905932737 2.5
201 3.535533905932738 -3.535533905932737 3
202 3.535533905932738 -3.535533905932737 3.5
203 3.535533905932738 -3.535533905932737 4
204 3.535533905932738 -3.535533905932737 4.5
205 3.535533905932738 -3.535533905932737 5
206 3.535533905932738 -3.535533905932737 5.5
207 3.535533905932738 -3.535533905932737 6
208 3.535533905932738 -3.535533905932737 6.5
209 3.535533905932738 -3.535533905932737 7
210 3.535533905932738 -3.535533905932737 7.5
211 3.535533905932738 -3.535533905932737 8
212 3.535533905932738 -3.535533905932737 8.5
213 3.535533905932738 -3.535533905932737 9
214 3.535533905932738 -3.535533905932737 9.5
215 -2.383883476482556 -2.383883476482556 10
216 -2.767766952963897 -2.767766952963897 10
217 -3.151650429447927 -3.151650429447927 10
218 -1.913417167262902 -4.619397660304166 10
219 -1.156303319760354e-08 -5 10
220 1.913417155581292 -4.619397665142849 10
221 -3.535533905932737 -3.535533905932738 0.5
222 -3.535533905932737 -3.535533905932738 1
223 -3.535533905932737 -3.535533905932738 1.5
224 -3.535533905932737 -3.535533905932738 2
225 -3.535533905932737 -3.535533905932738 2.5
226 -3.535533905932737 -3.535533905932738 3
227 -3.535533905932737 -3.535533905932738 3.5
228 -3.535533905932737 -3.535533905932738 4
229 -3.535533905932737 -3.535533905932738 4.5
230 -3.535533905932737 -3.535533905932738 5
231 -3.535533905932737 -3.535533905932738 5.5
232 -3.535533905932737 -3.535533905932738 6
233 -3.535533905932737 -3.535533905932738 6.5
234 -3.535533905932737 -3.535533905932738 7
235 -3.535533905932737 -3.535533905932738 7.5
236 -3.535533905932737 -3.535533905932738 8
237 -3.535533905932737 -3.535533905932738 8.5
238 -3.535533905932737 -3.535533905932738 9
239 -3.535533905932737 -3.535533905932738 9.5
240 -4.619397660435617 1.913417166945554 10
241 -5 9.991544036580535e-09 10
242 -4.619397664766907 -1.913417156488894 10
243 -1.000000000001387 0.9999999999986144 0
244 -1.000000000000001 -2.750244476601438e-12 0
245 -0.9999999999986144 -1.000000000001387 0
246 -2.75024447660144e-12 1 0
247 0 0 0
248 2.750244476601441e-12 -1.000000000000001 0
249 0.9999999999986144 1.000000000001387 0
250 1.000000000000001 2.750244476601438e-12 0
251 1.000000000001387 -0.9999999999986144 0
252 -1.228354288747621 2.654849416346525 0
253 -1.456708577491746 3.30969883269098 0
254 -1.685062866237471 3.964548249040021 0
255 3.048654051424621e-09 2.749999999998771 0
256 6.102808369748175e-09 3.49999999999517 0
257 9.156962410537365e-09 4.249999999996821 0
258 1.228354291810631 2.654849415076063 0
259 1.456708583623312 3.309698830150054 0
260 1.685062875437592 3.964548245228632 0
261 2.654849416156857 1.228354289205523 0
262 3.309698832311641 1.45670857840755 0
263 3.964548248471012 1.685062867611178 0
264 2.749999999998771 -2.730375425747904e-09 0
265 3.499999999995169 -5.466251451462655e-09 0
266 4.24999999999682 -8.202127643730027e-09 0
267 2.654849415126915 -1.228354291687863 0
268 3.309698830251759 -1.456708583377776 0
269 3.964548245381189 -1.685062875069288 0
270 1.228354288897029 -2.654849416284639 0
271 1.456708577790562 -3.309698832567207 0
272 1.685062866685694 -3.964548248854361 0
273 -2.886632710636642e-09 -2.749999999998771 0
274 -5.778766021239638e-09 -3.49999999999517 0
275 -8.670899997996709e-09 -4.249999999996821 0
276 -1.228354291813272 -2.654849415074968 0
277 -1.456708583628594 -3.309698830147865 0
278 -1.685062875445516 -3.964548245225349 0
279 -2.654849416190654 -1.228354289123929 0
280 -3.309698832379236 -1.456708578244363 0
281 -3.964548248572405 -1.685062867366396 0
282 -2.749999999998771 2.493760642426138e-09 0
283 -3.49999999999517 4.993021773797572e-09 0
284 -4.249999999996821 7.492282905186511e-09 0
285 -2.654849415107831 1.228354291733935 0
286 -3.309698830213591 1.45670858346992 0
287 -3.964548245323937 1.685062875207504 0
288 -1.000000000002773 2 0.5
289 -1.000000000002773 2 1
290 -1.000000000002773 2 1.5
291 -1.000000000002773 2 2
292 -1.000000000002773 2 2.5
293 -1.000000000002773 2 3
294 -1.000000000002773 2 3.5
295 -1.000000000002773 2 4
296 -1.000000000002773 2 4.5
297 -1.000000000002773 2 5
298 -1.000000000002773 2 5.5
299 -1.000000000002773 2 6
300 -1.000000000002773 2 6.5
301 -1.000000000002773 2 7
302 -1.000000000002773 2 7.5
303 -1.000000000002773 2 8
304 -1.000000000002773 2 8.5
305 -1.000000000002773 2 9
306 -1.000000000002773 2 9.5
307 -5.500488953202876e-12 2 0.5
308 -5.500488953202876e-12 2 1
309 -5.500488953202876e-12 2 1.5
310 -5.500488953202876e-12 2 2
311 -5.500488953202876e-12 2 2.5
312 -5.500488953202876e-12 2 3
313 -5.500488953202876e-12 2 3.5
314 -5.500488953202876e-12 2 4
315 -5.500488953202876e-12 2 4.5
316 -5.500488953202876e-12 2 5
317 -5.500488953202876e-12 2 5.5
318 -5.500488953202876e-12 2 6
319 -5.500488953202876e-12 2 6.5
320 -5.500488953202876e-12 2 7
321 -5.500488953202876e-12 2 7.5
322 -5.500488953202876e-12 2 8
323 -5.500488953202876e-12 2 8.5
324 -5.500488953202876e-12 2 9
325 -5.500488953202876e-12 2 9.5
326 0.999999999997228 2 0.5
327 0.999999999997228 2 1
328 0.999999999997228 2 1.5
329 0.999999999997228 2 2
330 0.999999999997228 2 2.5
331 0.999999999997228 2 3
332 0.999999999997228 2 3.5
333 0.999999999997228 2 4
334 0.999999999997228 2 4.5
335 0.999999999997228 2 5
336 0.999999999997228 2 5.5
337 0.999999999997228 2 6
338 0.999999999997228 2 6.5
339 0.999999999997228 2 7
340 0.999999999997228 2 7.5
341 0.999999999997228 2 8
342 0.999999999997228 2 8.5
343 0.999999999997228 2 9
344 0.999999999997228 2 9.5
345 2 1.000000000002773 0.5
346 2 1.000000000002773 1
347 2 1.000000000002773 1.5
348 2 1.000000000002773 2
349 2 1.000000000002773 2.5
350 2 1.000000000002773 3
351 2 1.000000000002773 3.5
352 2 1.000000000002773 4
353 2 1.000000000002773 4.5
354 2 1.000000000002773 5
355 2 1.000000000002773 5.5
356 2 1.000000000002773 6
357 2 1.000000000002773 6.5
358 2 1.000000000002773 7
359 2 1.000000000002773 7.5
360 2 1.000000000002773 8
361 2 1.000000000002773 8.5
362 2 1.000000000002773 9
363 2 1.000000000002773 9.5
364 2 5.500488953202876e-12 0.5
365 2 5.500488953202876e-12 1
366 2 5.500488953202876e-12 1.5
367 2 5.500488953202876e-12 2
368 2 5.500488953202876e-12 2.5
369 2 5.500488953202876e-12 3
370 2 5.500488953202876e-12 3.5
371 2 5.500488953202876e-12 4
372 2 5.500488953202876e-12 4.5
373 2 5.500488953202876e-12 5
374 2 5.500488953202876e-12 5.5
375 2 5.500488953202876e-12 6
376 2 5.500488953202876e-12 6.5
377 2 5.500488953202876e-12 7
378 2 5.500488953202876e-12 7.5
379 2 5.500488953202876e-12 8
380 2 5.500488953202876e-12 8.5
381 2 5.500488953202876e-12 9
382 2 5.500488953202876e-12 9.5
383 2 -0.999999999997228 0.5
384 2 -0.999999999997228 1
385 2 -0.999999999997228 1.5
386 2 -0.999999999997228 2
387 2 -0.999999999997228 2.5
388 2 -0.999999999997228 3
389 2 -0.999999999997228 3.5
390 2 -0.999999999997228 4
391 2 -0.999999999997228 4.5
392 2 -0.999999999997228 5
393 2 -0.999999999997228 5.5
394 2 -0.999999999997228 6
395 2 -0.999999999997228 6.5
396 2 -0.999999999997228 7
397 2 -0.999999999997228 7.5
398 2 -0.999999999997228 8
399 2 -0.999999999997228 8.5
400 2 -0.999999999997228 9
401 2 -0.999999999997228 9.5
402 1.000000000002773 -2 0.5
403 1.000000000002773 -2 1
404 1.000000000002773 -2 1.5
405 1.000000000002773 -2 2
406 1.000000000002773 -2 2.5
407 1.000000000002773 -2 3
408 1.000000000002773 -2 3.5
409 1.000000000002773 -2 4
410 1.000000000002773 -2 4.5
411 1.000000000002773 -2 5
412 1.000000000002773 -2 5.5
413 1.000000000002773 -2 6
414 1.000000000002773 -2 6.5
415 1.000000000002773 -2 7
416 1.000000000002773 -2 7.5
417 1.000000000002773 -2 8
418 1.000000000002773 -2 8.5
419 1.000000000002773 -2 9
420 1.000000000002773 -2 9.5
421 5.500488953202876e-12 -2 0.5
422 5.500488953202876e-12 -2 1
423 5.500488953202876e-12 -2 1.5
424 5.500488953202876e-12 -2 2
425 5.500488953202876e-12 -2 2.5
426 5.500488953202876e-12 -2 3
427 5.500488953202876e-12 -2 3.5
428 5.500488953202876e-12 -2 4
429 5.500488953202876e-12 -2 4.5
430 5.500488953202876e-12 -2 5
431 5.500488953202876e-12 -2 5.5
432 5.500488953202876e-12 -2 6
433 5.500488953202876e-12 -2 6.5
434 5.500488953202876e-12 -2 7
435 5.500488953202876e-12 -2 7.5
436 5.500488953202876e-12 -2 8
437 5.500488953202876e-12 -2 8.5
438 5.500488953202876e-12 -2 9
439 5.500488953202876e-12 -2 9.5
440 -0.999999999997228 -2 0.5
441 -0.999999999997228 -2 1
442 -0.999999999997228 -2 1.5
443 -0.999999999997228 -2 2
444 -0.999999999997228 -2 2.5
445 -0.999999999997228 -2 3
446 -0.999999999997228 -2 3.5
447 -0.999999999997228 -2 4
448 -0.999999999997228 -2 4.5
449 -0.999999999997228 -2 5
450 -0.999999999997228 -2 5.5
451 -0.999999999997228 -2 6
452 -0.999999999997228 -2 6.5
453 -0.999999999997228 -2 7
454 -0.999999999997228 -2 7.5
455 -0.999999999997228 -2 8
456 -0.999999999997228 -2 8.5
457 -0.999999999997228 -2 9
458 -0.999999999997228 -2 9.5
459 -2 -1.000000000002773 0.5
460 -2 -1.000000000002773 1
461 -2 -1.000000000002773 1.5
462 -2 -1.000000000002773 2
463 -2 -1.000000000002773 2.5
464 -2 -1.000000000002773 3
465 -2 -1.000000000002773 3.5
466 -2 -1.000000000002773 4
467 -2 -1.000000000002773 4.5
468 -2 -1.000000000002773 5
469 -2 -1.000000000002773 5.5
470 -2 -1.000000000002773 6
471 -2 -1.000000000002773 6.5
472 -2 -1.000000000002773 7
473 -2 -1.000000000002773 7.5
474 -2 -1.000000000002773 8
475 -2 -1.000000000002773 8.5
476 -2 -1.000000000002773 9
477 -2 -1.000000000002773 9.5
478 -2 -5.500488953202876e-12 0.5
479 -2 -5.500488953202876e-12 1
480 -2 -5.500488953202876e-12 1.5
481 -2 -5.500488953202876e-12 2
482 -2 -5.500488953202876e-12 2.5
483 -2 -5.500488953202876e-12 3
484 -2 -5.500488953202876e-12 3.5
485 -2 -5.500488953202876e-12 4
486 -2 -5.500488953202876e-12 4.5
487 -2 -5.500488953202876e-12 5
488 -2 -5.500488953202876e-12 5.5
489 -2 -5.500488953202876e-12 6
490 -2 -5.500488953202876e-12 6.5
491 -2 -5.500488953202876e-12 7
492 -2 -5.500488953202876e-12 7.5
493 -2 -5.500488953202876e-12 8
494 -2 -5.500488953202876e-12 8.5
495 -2 -5.500488953202876e-12 9
496 -2 -5.500488953202876e-12 9.5
497 -2 0.999999999997228 0.5
498 -2 0.999999999997228 1
499 -2 0.999999999997228 1.5
500 -2 0.999999999997228 2
501 -2 0.999999999997228 2.5
502 -2 0.999999999997228 3
503 -2 0.999999999997228 3.5
504 -2 0.999999999997228 4
505 -2 0.999999999997228 4.5
506 -2 0.999999999997228 5
507 -2 0.999999999997228 5.5
508 -2 0.999999999997228 6
509 -2 0.999999999997228 6.5
510 -2 0.999999999997228 7
511 -2 0.999999999997228 7.5
512 -2 0.999999999997228 8
513 -2 0.999999999997228 8.5
514 -2 0.999999999997228 9
515 -2 0.999999999997228 9.5
516 -1.000000000001387 0.9999999999986144 10
517 -1.000000000000001 -2.750244476601438e-12 10
518 -0.9999999999986144 -1.000000000001387 10
519 -2.75024447660144e-12 1 10
520 0 0 10
521 2.750244476601441e-12 -1.000000000000001 10
522 0.9999999999986144 1.000000000001387 10
523 1.000000000000001 2.750244476601438e-12 10
524 1.000000000001387 -0.9999999999986144 10
525 2.383883476482556 2.383883476482556 0.5
526 2.383883476482556 2.383883476482556 1
527 2.383883476482556 2.383883476482556 1.5
528 2.383883476482556 2.383883476482556 2
529 2.383883476482556 2.383883476482556 2.5
530 2.383883476482556 2.383883476482556 3
531 2.383883476482556 2.383883476482556 3.5
532 2.383883476482556 2.383883476482556 4
533 2.383883476482556 2.383883476482556 4.5
534 2.383883476482556 2.383883476482556 5
535 2.383883476482556 2.383883476482556 5.5
536 2.383883476482556 2.383883476482556 6
537 2.383883476482556 2.383883476482556 6.5
538 2.383883476482556 2.383883476482556 7
539 2.383883476482556 2.383883476482556 7.5
540 2.383883476482556 2.383883476482556 8
541 2.383883476482556 2.383883476482556 8.5
542 2.383883476482556 2.383883476482556 9
543 2.383883476482556 2.383883476482556 9.5
544 2.767766952963897 2.767766952963897 0.5
545 2.767766952963897 2.767766952963897 1
546 2.767766952963897 2.767766952963897 1.5
547 2.767766952963897 2.767766952963897 2
548 2.767766952963897 2.767766952963897 2.5
549 2.767766952963897 2.767766952963897 3
550 2.767766952963897 2.767766952963897 3.5
551 2.767766952963897 2.767766952963897 4
552 2.767766952963897 2.767766952963897 4.5
553 2.767766952963897 2.767766952963897 5
554 2.767766952963897 2.767766952963897 5.5
555 2.767766952963897 2.767766952963897 6
556 2.767766952963897 2.767766952963897 6.5
557 2.767766952963897 2.767766952963897 7
558 2.767766952963897 2.767766952963897 7.5
559 2.767766952963897 2.767766952963897 8
560 2.767766952963897 2.767766952963897 8.5
561 2.767766952963897 2.767766952963897 9
562 2.767766952963897 2.767766952963897 9.5
563 3.151650429447927 3.151650429447927 0.5
564 3.151650429447927 3.151650429447927 1
565 3.151650429447927 3.151650429447927 1.5
566 3.151650429447927 3.151650429447927 2
567 3.151650429447927 3.151650429447927 2.5
568 3.151650429447927 3.151650429447927 3
569 3.151650429447927 3.151650429447927 3.5
570 3.151650429447927 3.151650429447927 4
571 3.151650429447927 3.151650429447927 4.5
572 3.151650429447927 3.151650429447927 5
573 3.151650429447927 3.151650429447927 5.5
574 3.151650429447927 3.151650429447927 6
575 3.151650429447927 3.151650429447927 6.5
576 3.151650429447927 3.151650429447927 7
577 3.151650429447927 3.151650429447927 7.5
578 3.151650429447927 3.151650429447927 8
579 3.151650429447927 3.151650429447927 8.5
580 3.151650429447927 3.151650429447927 9
581 3.151650429447927 3.151650429447927 9.5
582 -1.91341715498366 4.619397665390395 0.5
583 -1.91341715498366 4.619397665390395 1
584 -1.91341715498366 4.619397665390395 1.5
585 -1.91341715498366 4.619397665390395 2
586 -1.91341715498366 4.619397665390395 2.5
587 -1.91341715498366 4.619397665390395 3
588 -1.91341715498366 4.619397665390395 3.5
589 -1.91341715498366 4.619397665390395 4
590 -1.91341715498366 4.619397665390395 4.5
591 -1.91341715498366 4.619397665390395 5
592 -1.91341715498366 4.619397665390395 5.5
593 -1.91341715498366 4.619397665390395 6
594 -1.91341715498366 4.619397665390395 6.5
595 -1.91341715498366 4.619397665390395 7
596 -1.91341715498366 4.619397665390395 7.5
597 -1.91341715498366 4.619397665390395 8
598 -1.91341715498366 4.619397665390395 8.5
599 -1.91341715498366 4.619397665390395 9
600 -1.91341715498366 4.619397665390395 9.5
601 1.221111700644428e-08 5 0.5
602 1.221111700644428e-08 5 1
603 1.221111700644428e-08 5 1.5
604 1.221111700644428e-08 5 2
605 1.221111700644428e-08 5 2.5
606 1.221111700644428e-08 5 3
607 1.221111700644428e-08 5 3.5
608 1.221111700644428e-08 5 4
609 1.221111700644428e-08 5 4.5
610 1.221111700644428e-08 5 5
611 1.221111700644428e-08 5 5.5
612 1.221111700644428e-08 5 6
613 1.221111700644428e-08 5 6.5
614 1.221111700644428e-08 5 7
615 1.221111700644428e-08 5 7.5
616 1.221111700644428e-08 5 8
617 1.221111700644428e-08 5 8.5
618 1.221111700644428e-08 5 9
619 1.221111700644428e-08 5 9.5
620 1.913417167252337 4.619397660308543 0.5
621 1.913417167252337 4.619397660308543 1
622 1.913417167252337 4.619397660308543 1.5
623 1.913417167252337 4.619397660308543 2
624 1.913417167252337 4.619397660308543 2.5
625 1.913417167252337 4.619397660308543 3
626 1.913417167252337 4.619397660308543 3.5
627 1.913417167252337 4.619397660308543 4
628 1.913417167252337 4.619397660308543 4.5
629 1.913417167252337 4.619397660308543 5
630 1.913417167252337 4.619397660308543 5.5
631 1.913417167252337 4.619397660308543 6
632 1.913417167252337 4.619397660308543 6.5
633 1.913417167252337 4.619397660308543 7
634 1.913417167252337 4.619397660308543 7.5
635 1.913417167252337 4.619397660308543 8
636 1.913417167252337 4.619397660308543 8.5
637 1.913417167252337 4.619397660308543 9
638 1.913417167252337 4.619397660308543 9.5
639 -2.383883476482556 2.383883476482556 0.5
640 -2.383883476482556 2.383883476482556 1
641 -2.383883476482556 2.383883476482556 1.5
642 -2.383883476482556 2.383883476482556 2
643 -2.383883476482556 2.383883476482556 2.5
644 -2.383883476482556 2.383883476482556 3
645 -2.383883476482556 2.383883476482556 3.5
646 -2.383883476482556 2.383883476482556 4
647 -2.383883476482556 2.383883476482556 4.5
648 -2.383883476482556 2.383883476482556 5
649 -2.383883476482556 2.383883476482556 5.5
650 -2.383883476482556 2.383883476482556 6
651 -2.383883476482556 2.383883476482556 6.5
652 -2.383883476482556 2.383883476482556 7
653 -2.383883476482556 2.383883476482556 7.5
654 -2.383883476482556 2.383883476482556 8
655 -2.383883476482556 2.383883476482556 8.5
656 -2.383883476482556 2.383883476482556 9
657 -2.383883476482556 2.383883476482556 9.5
658 -2.767766952963897 2.767766952963897 0.5
659 -2.767766952963897 2.767766952963897 1
660 -2.767766952963897 2.767766952963897 1.5
661 -2.767766952963897 2.767766952963897 2
662 -2.767766952963897 2.767766952963897 2.5
663 -2.767766952963897 2.767766952963897 3
664 -2.767766952963897 2.767766952963897 3.5
665 -2.767766952963897 2.767766952963897 4
666 -2.767766952963897 2.767766952963897 4.5
667 -2.767766952963897 2.767766952963897 5
668 -2.767766952963897 2.767766952963897 5.5
669 -2.767766952963897 2.767766952963897 6
670 -2.767766952963897 2.767766952963897 6.5
671 -2.767766952963897 2.767766952963897 7
672 -2.767766952963897 2.767766952963897 7.5
673 -2.767766952963897 2.767766952963897 8
674 -2.767766952963897 2.767766952963897 8.5
675 -2.767766952963897 2.767766952963897 9
676 -2.767766952963897 2.767766952963897 9.5
677 -3.151650429447927 3.151650429447927 0.5
678 -3.151650429447927 3.151650429447927 1
679 -3.151650429447927 3.151650429447927 1.5
680 -3.151650429447927 3.151650429447927 2
681 -3.151650429447927 3.151650429447927 2.5
682 -3.151650429447927 3.151650429447927 3
683 -3.151650429447927 3.151650429447927 3.5
684 -3.151650429447927 3.151650429447927 4
685 -3.151650429447927 3.151650429447927 4.5
686 -3.151650429447927 3.151650429447927 5
687 -3.151650429447927 3.151650429447927 5.5
688 -3.151650429447927 3.151650429447927 6
689 -3.151650429447927 3.151650429447927 6.5
690 -3.151650429447927 3.151650429447927 7
691 -3.151650429447927 3.151650429447927 7.5
692 -3.151650429447927 3.151650429447927 8
693 -3.151650429447927 3.151650429447927 8.5
694 -3.151650429447927 3.151650429447927 9
695 -3.151650429447927 3.151650429447927 9.5
696 -1.228354288747621 2.654849416346525 10
697 -1.456708577491746 3.30969883269098 10
698 -1.685062866237471 3.964548249040021 10
699 3.048654051424621e-09 2.749999999998771 10
700 6.102808369748175e-09 3.49999999999517 10
701 9.156962410537365e-09 4.249999999996821 10
702 1.228354291810631 2.654849415076063 10
703 1.456708583623312 3.309698830150054 10
704 1.685062875437592 3.964548245228632 10
705 2.383883476482556 -2.383883476482556 0.5
706 2.383883476482556 -2.383883476482556 1
707 2.383883476482556 -2.383883476482556 1.5
708 2.383883476482556 -2.383883476482556 2
709 2.383883476482556 -2.383883476482556 2.5
710 2.383883476482556 -2.383883476482556 3
711 2.383883476482556 -2.383883476482556 3.5
712 2.383883476482556 -2.383883476482556 4
713 2.383883476482556 -2.383883476482556 4.5
714 2.383883476482556 -2.383883476482556 5
715 2.383883476482556 -2.383883476482556 5.5
716 2.383883476482556 -2.383883476482556 6
717 2.383883476482556 -2.383883476482556 6.5
718 2.383883476482556 -2.383883476482556 7
719 2.383883476482556 -2.383883476482556 7.5
720 2.383883476482556 -2.383883476482556 8
721 2.383883476482556 -2.383883476482556 8.5
722 2.383883476482556 -2.383883476482556 9
723 2.383883476482556 -2.383883476482556 9.5
724 2.767766952963897 -2.767766952963897 0.5
725 2.767766952963897 -2.767766952963897 1
726 2.767766952963897 -2.767766952963897 1.5
727 2.767766952963897 -2.767766952963897 2
728 2.767766952963897 -2.767766952963897 2.5
729 2.767766952963897 -2.767766952963897 3
730 2.767766952963897 -2.767766952963897 3.5
731 2.767766952963897 -2.767766952963897 4
732 2.767766952963897 -2.767766952963897 4.5
733 2.767766952963897 -2.767766952963897 5
734 2.767766952963897 -2.767766952963897 5.5
735 2.767766952963897 -2.767766952963897 6
736 2.767766952963897 -2.767766952963897 6.5
737 2.767766952963897 -2.767766952963897 7
738 2.767766952963897 -2.767766952963897 7.5
739 2.767766952963897 -2.767766952963897 8
740 2.767766952963897 -2.767766952963897 8.5
741 2.767766952963897 -2.767766952963897 9
742 2.767766952963897 -2.767766952963897 9.5
743 3.151650429447927 -3.151650429447927 0.5
744 3.151650429447927 -3.151650429447927 1
745 3.151650429447927 -3.151650429447927 1.5
746 3.151650429447927 -3.151650429447927 2
747 3.151650429447927 -3.151650429447927 2.5
748 3.151650429447927 -3.151650429447927 3
749 3.151650429447927 -3.151650429447927 3.5
750 3.151650429447927 -3.151650429447927 4
751 3.151650429447927 -3.151650429447927 4.5
752 3.151650429447927 -3.151650429447927 5
753 3.151650429447927 -3.151650429447927 5.5
754 3.151650429447927 -3.151650429447927 6
755 3.151650429447927 -3.151650429447927 6.5
756 3.151650429447927 -3.151650429447927 7
757 3.151650429447927 -3.151650429447927 7.5
758 3.151650429447927 -3.151650429447927 8
759 3.151650429447927 -3.151650429447927 8.5
760 3.151650429447927 -3.151650429447927 9
761 3.151650429447927 -3.151650429447927 9.5
762 4.619397664631718 1.91341715681527 0.5
763 4.619397664631718 1.91341715681527 1
764 4.619397664631718 1.91341715681527 1.5
765 4.619397664631718 1.91341715681527 2
766 4.619397664631718 1.91341715681527 2.5
767 4.619397664631718 1.91341715681527 3
768 4.619397664631718 1.91341715681527 3.5
769 4.619397664631718 1.91341715681527 4
770 4.619397664631718 1.91341715681527 4.5
771 4.619397664631718 1.91341715681527 5
772 4.619397664631718 1.91341715681527 5.5
773 4.619397664631718 1.91341715681527 6
774 4.619397664631718 1.91341715681527 6.5
775 4.619397664631718 1.91341715681527 7
776 4.619397664631718 1.91341715681527 7.5
777 4.619397664631718 1.91341715681527 8
778 4.619397664631718 1.91341715681527 8.5
779 4.619397664631718 1.91341715681527 9
780 4.619397664631718 1.91341715681527 9.5
781 5 -1.093800339191375e-08 0.5
782 5 -1.093800339191375e-08 1
783 5 -1.093800339191375e-08 1.5
784 5 -1.093800339191375e-08 2
785 5 -1.093800339191375e-08 2.5
786 5 -1.093800339191375e-08 3
787 5 -1.093800339191375e-08 3.5
788 5 -1.093800339191375e-08 4
789 5 -1.093800339191375e-08 4.5
790 5 -1.093800339191375e-08 5
791 5 -1.093800339191375e-08 5.5
792 5 -1.093800339191375e-08 6
793 5 -1.093800339191375e-08 6.5
794 5 -1.093800339191375e-08 7
795 5 -1.093800339191375e-08 7.5
796 5 -1.093800339191375e-08 8
797 5 -1.093800339191375e-08 8.5
798 5 -1.093800339191375e-08 9
799 5 -1.093800339191375e-08 9.5
800 4.619397660511952 -1.913417166761265 0.5
801 4.619397660511952 -1.913417166761265 1
802 4.619397660511952 -1.913417166761265 1.5
803 4.619397660511952 -1.913417166761265 2
804 4.619397660511952 -1.913417166761265 2.5
805 4.619397660511952 -1.913417166761265 3
806 4.619397660511952 -1.913417166761265 3.5
807 4.619397660511952 -1.913417166761265 4
808 4.619397660511952 -1.913417166761265 4.5
809 4.619397660511952 -1.913417166761265 5
810 4.619397660511952 -1.913417166761265 5.5
811 4.619397660511952 -1.913417166761265 6
812 4.619397660511952 -1.913417166761265 6.5
813 4.619397660511952 -1.913417166761265 7
814 4.619397660511952 -1.913417166761265 7.5
815 4.619397660511952 -1.913417166761265 8
816 4.619397660511952 -1.913417166761265 8.5
817 4.619397660511952 -1.913417166761265 9
818 4.619397660511952 -1.913417166761265 9.5
819 2.654849416156857 1.228354289205523 10
820 3.309698832311641 1.45670857840755 10
821 3.964548248471012 1.685062867611178 10
822 2.749999999998771 -2.730375425747904e-09 10
823 3.499999999995169 -5.466251451462655e-09 10
824 4.24999999999682 -8.202127643730027e-09 10
825 2.654849415126915 -1.228354291687863 10
826 3.309698830251759 -1.456708583377776 10
827 3.964548245381189 -1.685062875069288 10
828 -2.383883476482556 -2.383883476482556 0.5
829 -2.383883476482556 -2.383883476482556 1
830 -2.383883476482556 -2.383883476482556 1.5
831 -2.383883476482556 -2.383883476482556 2
832 -2.383883476482556 -2.383883476482556 2.5
833 -2.383883476482556 -2.383883476482556 3
834 -2.383883476482556 -2.383883476482556 3.5
835 -2.383883476482556 -2.383883476482556 4
836 -2.383883476482556 -2.383883476482556 4.5
837 -2.383883476482556 -2.383883476482556 5
838 -2.383883476482556 -2.383883476482556 5.5
839 -2.383883476482556 -2.383883476482556 6
840 -2.383883476482556 -2.383883476482556 6.5
841 -2.383883476482556 -2.383883476482556 7
842 -2.383883476482556 -2.383883476482556 7.5
843 -2.383883476482556 -2.383883476482556 8
844 -2.383883476482556 -2.383883476482556 8.5
845 -2.383883476482556 -2.383883476482556 9
846 -2.383883476482556 -2.383883476482556 9.5
847 -2.767766952963897 -2.767766952963897 0.5
848 -2.767766952963897 -2.767766952963897 1
849 -2.767766952963897 -2.767766952963897 1.5
850 -2.767766952963897 -2.767766952963897 2
851 -2.767766952963897 -2.767766952963897 2.5
852 -2.767766952963897 -2.767766952963897 3
853 -2.767766952963897 -2.767766952963897 3.5
854 -2.767766952963897 -2.767766952963897 4
855 -2.767766952963897 -2.767766952963897 4.5
856 -2.767766952963897 -2.767766952963897 5
857 -2.767766952963897 -2.767766952963897 5.5
858 -2.767766952963897 -2.767766952963897 6
859 -2.767766952963897 -2.767766952963897 6.5
860 -2.767766952963897 -2.767766952963897 7
861 -2.767766952963897 -2.767766952963897 7.5
862 -2.767766952963897 -2.767766952963897 8
863 -2.767766952963897 -2.767766952963897 8.5
864 -2.767766952963897 -2.767766952963897 9
865 -2.767766952963897 -2.767766952963897 9.5
866 -3.151650429447927 -3.151650429447927 0.5
867 -3.151650429447927 -3.151650429447927 1
868 -3.151650429447927 -3.151650429447927 1.5
869 -3.151650429447927 -3.151650429447927 2
870 -3.151650429447927 -3.151650429447927 2.5
871 -3.151650429447927 -3.151650429447927 3
872 -3.151650429447927 -3.151650429447927 3.5
873 -3.151650429447927 -3.151650429447927 4
874 -3.151650429447927 -3.151650429447927 4.5
875 -3.151650429447927 -3.151650429447927 5
876 -3.151650429447927 -3.151650429447927 5.5
877 -3.151650429447927 -3.151650429447927 6
878 -3.151650429447927 -3.151650429447927 6.5
879 -3.151650429447927 -3.151650429447927 7
880 -3.151650429447927 -3.151650429447927 7.5
881 -3.151650429447927 -3.151650429447927 8
882 -3.151650429447927 -3.151650429447927 8.5
883 -3.151650429447927 -3.151650429447927 9
884 -3.151650429447927 -3.151650429447927 9.5
885 1.913417155581292 -4.619397665142849 0.5
886 1.913417155581292 -4.619397665142849 1
887 1.913417155581292 -4.619397665142849 1.5
888 1.913417155581292 -4.619397665142849 2
889 1.913417155581292 -4.619397665142849 2.5
890 1.913417155581292 -4.619397665142849 3
891 1.913417155581292 -4.619397665142849 3.5
892 1.913417155581292 -4.619397665142849 4
893 1.913417155581292 -4.619397665142849 4.5
894 1.913417155581292 -4.619397665142849 5
895 1.913417155581292 -4.619397665142849 5.5
896 1.913417155581292 -4.619397665142849 6
897 1.913417155581292 -4.619397665142849 6.5
898 1.913417155581292 -4.619397665142849 7
899 1.913417155581292 -4.619397665142849 7.5
900 1.913417155581292 -4.619397665142849 8
901 1.913417155581292 -4.619397665142849 8.5
902 1.913417155581292 -4.619397665142849 9
903 1.913417155581292 -4.619397665142849 9.5
904 -1.156303319760354e-08 -5 0.5
905 -1.156303319760354e-08 -5 1
906 -1.156303319760354e-08 -5 1.5
907 -1.156303319760354e-08 -5 2
908 -1.156303319760354e-08 -5 2.5
909 -1.156303319760354e-08 -5 3
910 -1.156303319760354e-08 -5 3.5
911 -1.156303319760354e-08 -5 4
912 -1.156303319760354e-08 -5 4.5
913 -1.156303319760354e-08 -5 5
914 -1.156303319760354e-08 -5 5.5
915 -1.156303319760354e-08 -5 6
916 -1.156303319760354e-08 -5 6.5
917 -1.156303319760354e-08 -5 7
918 -1.156303319760354e-08 -5 7.5
919 -1.156303319760354e-08 -5 8
920 -1.156303319760354e-08 -5 8.5
921 -1.156303319760354e-08 -5 9
922 -1.156303319760354e-08 -5 9.5
923 -1.913417167262902 -4.619397660304166 0.5
924 -1.913417167262902 -4.619397660304166 1
925 -1.913417167262902 -4.619397660304166 1.5
926 -1.913417167262902 -4.619397660304166 2
927 -1.913417167262902 -4.619397660304166 2.5
928 -1.913417167262902 -4.619397660304166 3
929 -1.913417167262902 -4.619397660304166 3.5
930 -1.913417167262902 -4.619397660304166 4
931 -1.913417167262902 -4.619397660304166 4.5
932 -1.913417167262902 -4.619397660304166 5
933 -1.913417167262902 -4.619397660304166 5.5
934 -1.913417167262902 -4.619397660304166 6
935 -1.913417167262902 -4.619397660304166 6.5
936 -1.913417167262902 -4.619397660304166 7
937 -1.913417167262902 -4.619397660304166 7.5
938 -1.913417167262902 -4.619397660304166 8
939 -1.913417167262902 -4.619397660304166 8.5
940 -1.913417167262902 -4.619397660304166 9
941 -1.913417167262902 -4.619397660304166 9.5
942 1.228354288897029 -2.654849416284639 10
943 1.456708577790562 -3.309698832567207 10
944 1.685062866685694 -3.964548248854361 10
945 -2.886632710636642e-09 -2.749999999998771 10
946 -5.778766021239638e-09 -3.49999999999517 10
947 -8.670899997996709e-09 -4.249999999996821 10
948 -1.228354291813272 -2.654849415074968 10
949 -1.456708583628594 -3.309698830147865 10
950 -1.685062875445516 -3.964548245225349 10
951 -4.619397664766907 -1.913417156488894 0.5
952 -4.619397664766907 -1.913417156488894 1
953 -4.619397664766907 -1.913417156488894 1.5
954 -4.619397664766907 -1.913417156488894 2
955 -4.619397664766907 -1.913417156488894 2.5
956 -4.619397664766907 -1.913417156488894 3
957 -4.619397664766907 -1.913417156488894 3.5
958 -4.619397664766907 -1.913417156488894 4
959 -4.619397664766907 -1.913417156488894 4.5
960 -4.619397664766907 -1.913417156488894 5
961 -4.619397664766907 -1.913417156488894 5.5
962 -4.619397664766907 -1.913417156488894 6
963 -4.619397664766907 -1.913417156488894 6.5
964 -4.619397664766907 -1.913417156488894 7
965 -4.619397664766907 -1.913417156488894 7.5
966 -4.619397664766907 -1.913417156488894 8
967 -4.619397664766907 -1.913417156488894 8.5
968 -4.619397664766907 -1.913417156488894 9
969 -4.619397664766907 -1.913417156488894 9.5
970 -5 9.991544036580535e-09 0.5
971 -5 9.991544036580535e-09 1
972 -5 9.991544036580535e-09 1.5
973 -5 9.991544036580535e-09 2
974 -5 9.991544036580535e-09 2.5
975 -5 9.991544036580535e-09 3
976 -5 9.991544036580535e-09 3.5
977 -5 9.991544036580535e-09 4
978 -5 9.991544036580535e-09 4.5
979 -5 9.991544036580535e-09 5
980 -5 9.991544036580535e-09 5.5
981 -5 9.991544036580535e-09 6
982 -5 9.991544036580535e-09 6.5
983 -5 9.991544036580535e-09 7
984 -5 9.991544036580535e-09 7.5
985 -5 9.991544036580535e-09 8
986 -5 9.991544036580535e-09 8.5
987 -5 9.991544036580535e-09 9
988 -5 9.991544036580535e-09 9.5
989 -4.619397660435617 1.913417166945554 0.5
990 -4.619397660435617 1.913417166945554 1
991 -4.619397660435617 1.913417166945554 1.5
992 -4.619397660435617 1.913417166945554 2
993 -4.619397660435617 1.913417166945554 2.5
994 -4.619397660435617 1.913417166945554 3
995 -4.619397660435617 1.913417166945554 3.5
996 -4.619397660435617 1.913417166945554 4
997 -4.619397660435617 1.913417166945554 4.5
998 -4.619397660435617 1.913417166945554 5
999 -4.619397660435617 1.913417166945554 5.5
1000 -4.619397660435617 1.913417166945554 6
1001 -4.619397660435617 1.913417166945554 6.5
1002 -4.619397660435617 1.913417166945554 7
1003 -4.619397660435617 1.913417166945554 7.5
1004 -4.619397660435617 1.913417166945554 8
1005 -4.619397660435617 1.913417166945554 8.5
1006 -4.619397660435617 1.913417166945554 9
1007 -4.619397660435617 1.913417166945554 9.5
1008 -2.654849416190654 -1.228354289123929 10
1009 -3.309698832379236 -1.456708578244363 10
1010 -3.964548248572405 -1.685062867366396 10
1011 -2.749999999998771 2.493760642426138e-09 10
1012 -3.49999999999517 4.993021773797572e-09 10
1013 -4.249999999996821 7.492282905186511e-09 10
1014 -2.654849415107831 1.228354291733935 10
1015 -3.309698830213591 1.45670858346992 10
1016 -3.964548245323937 1.685062875207504 10
1017 -1.000000000001387 0.9999999999986144 0.5
1018 -1.000000000001387 0.9999999999986144 1
1019 -1.000000000001387 0.9999999999986144 1.5
1020 -1.000000000001387 0.9999999999986144 2
1021 -1.000000000001387 0.9999999999986144 2.5
1022 -1.000000000001387 0.9999999999986144 3
1023 -1.000000000001387 0.9999999999986144 3.5
1024 -1.000000000001387 0.9999999999986144 4
1025 -1.000000000001387 0.9999999999986144 4.5
1026 -1.000000000001387 0.9999999999986144 5
1027 -1.000000000001387 0.9999999999986144 5.5
1028 -1.000000000001387 0.9999999999986144 6
1029 -1.000000000001387 0.9999999999986144 6.5
1030 -1.000000000001387 0.9999999999986144 7
1031 -1.000000000001387 0.9999999999986144 7.5
1032 -1.000000000001387 0.9999999999986144 8
1033 -1.000000000001387 0.9999999999986144 8.5
1034 -1.000000000001387 0.9999999999986144 9
1035 -1.000000000001387 0.9999999999986144 9.5
1036 -1.000000000000001 -2.750244476601438e-12 0.5
1037 -1.000000000000001 -2.750244476601438e-12 1
1038 -1.000000000000001 -2.750244476601438e-12 1.5
1039 -1.000000000000001 -2.750244476601438e-12 2
1040 -1.000000000000001 -2.750244476601438e-12 2.5
1041 -1.000000000000001 -2.750244476601438e-12 3
1042 -1.000000000000001 -2.750244476601438e-12 3.5
1043 -1.000000000000001 -2.750244476601438e-12 4
1044 -1.000000000000001 -2.750244476601438e-12 4.5
1045 -1.000000000000001 -2.750244476601438e-12 5
1046 -1.000000000000001 -2.750244476601438e-12 5.5
1047 -1.000000000000001 -2.750244476601438e-12 6
1048 -1.000000000000001 -2.750244476601438e-12 6.5
1049 -1.000000000000001 -2.750244476601438e-12 7
1050 -1.000000000000001 -2.750244476601438e-12 7.5
1051 -1.000000000000001 -2.750244476601438e-12 8
1052 -1.000000000000001 -2.750244476601438e-12 8.5
1053 -1.000000000000001 -2.750244476601438e-12 9
1054 -1.000000000000001 -2.750244476601438e-12 9.5
1055 -0.9999999999986144 -1.000000000001387 0.5
1056 -0.9999999999986144 -1.000000000001387 1
1057 -0.9999999999986144 -1.000000000001387 1.5
1058 -0.9999999999986144 -1.000000000001387 2
1059 -0.9999999999986144 -1.000000000001387 2.5
1060 -0.9999999999986144 -1.000000000001387 3
1061 -0.9999999999986144 -1.000000000001387 3.5
1062 -0.9999999999986144 -1.000000000001387 4
1063 -0.9999999999986144 -1.000000000001387 4.5
1064 -0.9999999999986144 -1.000000000001387 5
1065 -0.9999999999986144 -1.000000000001387 5.5
1066 -0.9999999999986144 -1.000000000001387 6
1067 -0.9999999999986144 -1.000000000001387 6.5
1068 -0.9999999999986144 -1.000000000001387 7
1069 -0.9999999999986144 -1.000000000001387 7.5
1070 -0.9999999999986144 -1.000000000001387 8
1071 -0.9999999999986144 -1.000000000001387 8.5
1072 -0.9999999999986144 -1.000000000001387 9
1073 -0.9999999999986144 -1.000000000001387 9.5
1074 -2.75024447660144e-12 1 0.5
1075 -2.75024447660144e-12 1 1
1076 -2.75024447660144e-12 1 1.5
1077 -2.75024447660144e-12 1 2
1078 -2.75024447660144e-12 1 2.5
1079 -2.75024447660144e-12 1 3
1080 -2.75024447660144e-12 1 3.5
1081 -2.75024447660144e-12 1 4
1082 -2.75024447660144e-12 1 4.5
1083 -2.75024447660144e-12 1 5
1084 -2.75024447660144e-12 1 5.5
1085 -2.75024447660144e-12 1 6
1086 -2.75024447660144e-12 1 6.5
1087 -2.75024447660144e-12 1 7
1088 -2.75024447660144e-12 1 7.5
1089 -2.75024447660144e-12 1 8
1090 -2.75024447660144e-12 1 8.5
1091 -2.75024447660144e-12 1 9
1092 -2.75024447660144e-12 1 9.5
1093 0 0 0.5
1094 0 0 1
1095 0 0 1.5
1096 0 0 2
1097 0 0 2.5
1098 0 0 3
1099 0 0 3.5
1100 0 0 4
1101 0 0 4.5
1102 0 0 5
1103 0 0 5.5
1104 0 0 6
1105 0 0 6.5
1106 0 0 7
1107 0 0 7.5
1108 0 0 8
1109 0 0 8.5
1110 0 0 9
1111 0 0 9.5
1112 2.750244476601441e-12 -1.000000000000001 0.5
1113 2.750244476601441e-12 -1.000000000000001 1
1114 2.750244476601441e-12 -1.000000000000001 1.5
1115 2.750244476601441e-12 -1.000000000000001 2
1116 2.750244476601441e-12 -1.000000000000001 2.5
1117 2.750244476601441e-12 -1.000000000000001 3
1118 2.750244476601441e-12 -1.000000000000001 3.5
1119 2.750244476601441e-12 -1.000000000000001 4
1120 2.750244476601441e-12 -1.000000000000001 4.5
1121 2.750244476601441e-12 -1.000000000000001 5
1122 2.750244476601441e-12 -1.000000000000001 5.5
1123 2.750244476601441e-12 -1.000000000000001 6
1124 2.750244476601441e-12 -1.000000000000001 6.5
1125 2.750244476601441e-12 -1.000000000000001 7
1126 2.750244476601441e-12 -1.000000000000001 7.5
1127 2.750244476601441e-12 -1.000000000000001 8
1128 2.750244476601441e-12 -1.000000000000001 8.5
1129 2.750244476601441e-12 -1.000000000000001 9
1130 2.750244476601441e-12 -1.000000000000001 9.5
1131 0.9999999999986144 1.000000000001387 0.5
1132 0.9999999999986144 1.000000000001387 1
1133 0.9999999999986144 1.000000000001387 1.5
1134 0.9999999999986144 1.000000000001387 2
1135 0.9999999999986144 1.000000000001387 2.5
1136 0.9999999999986144 1.000000000001387 3
1137 0.9999999999986144 1.000000000001387 3.5
1138 0.9999999999986144 1.000000000001387 4
1139 0.9999999999986144 1.000000000001387 4.5
1140 0.9999999999986144 1.000000000001387 5
1141 0.9999999999986144 1.000000000001387 5.5
1142 0.9999999999986144 1.000000000001387 6
1143 0.9999999999986144 1.000000000001387 6.5
1144 0.9999999999986144 1.000000000001387 7
1145 0.9999999999986144 1.000000000001387 7.5
1146 0.9999999999986144 1.000000000001387 8
1147 0.9999999999986144 1.000000000001387 8.5
1148 0.9999999999986144 1.000000000001387 9
1149 0.9999999999986144 1.000000000001387 9.5
1150 1.000000000000001 2.750244476601438e-12 0.5
1151 1.000000000000001 2.750244476601438e-12 1
1152 1.000000000000001 2.750244476601438e-12 1.5
1153 1.000000000000001 2.750244476601438e-12 2
1154 1.000000000000001 2.750244476601438e-12 2.5
1155 1.000000000000001 2.750244476601438e-12 3
1156 1.000000000000001 2.750244476601438e-12 3.5
1157 1.000000000000001 2.750244476601438e-12 4
1158 1.000000000000001 2.750244476601438e-12 4.5
1159 1.000000000000001 2.750244476601438e-12 5
1160 1.000000000000001 2.750244476601438e-12 5.5
1161 1.000000000000001 2.750244476601438e-12 6
1162 1.000000000000001 2.750244476601438e-12 6.5
1163 1.000000000000001 2.750244476601438e-12 7
1164 1.000000000000001 2.750244476601438e-12 7.5
1165 1.000000000000001 2.750244476601438e-12 8
1166 1.000000000000001 2.750244476601438e-12 8.5
1167 1.000000000000001 2.750244476601438e-12 9
1168 1.000000000000001 2.750244476601438e-12 9.5
1169 1.000000000001387 -0.9999999999986144 0.5
1170 1.000000000001387 -0.9999999999986144 1
1171 1.000000000001387 -0.9999999999986144 1.5
1172 1.000000000001387 -0.9999999999986144 2
1173 1.000000000001387 -0.9999999999986144 2.5
1174 1.000000000001387 -0.9999999999986144 3
1175 1.000000000001387 -0.9999999999986144 3.5
1176 1.000000000001387 -0.9999999999986144 4
1177 1.000000000001387 -0.9999999999986144 4.5
1178 1.000000000001387 -0.9999999999986144 5
1179 1.000000000001387 -0.9999999999986144 5.5
1180 1.000000000001387 -0.9999999999986144 6
1181 1.000000000001387 -0.9999999999986144 6.5
1182 1.000000000001387 -0.9999999999986144 7
1183 1.000000000001387 -0.9999999999986144 7.5
1184 1.000000000001387 -0.9999999999986144 8
1185 1.000000000001387 -0.9999999999986144 8.5
1186 1.000000000001387 -0.9999999999986144 9
1187 1.000000000001387 -0.9999999999986144 9.5
1188 -1.228354288747621 2.654849416346525 0.5
1189 -1.228354288747621 2.654849416346525 1
1190 -1.228354288747621 2.654849416346525 1.5
1191 -1.228354288747621 2.654849416346525 2
1192 -1.228354288747621 2.654849416346525 2.5
1193 -1.228354288747621 2.654849416346525 3
1194 -1.228354288747621 2.654849416346525 3.5
1195 -1.228354288747621 2.654849416346525 4
1196 -1.228354288747621 2.654849416346525 4.5
1197 -1.228354288747621 2.654849416346525 5
1198 -1.228354288747621 2.654849416346525 5.5
1199 -1.228354288747621 2.654849416346525 6
1200 -1.228354288747621 2.654849416346525 6.5
1201 -1.228354288747621 2.654849416346525 7
1202 -1.228354288747621 2.654849416346525 7.5
1203 -1.228354288747621 2.654849416346525 8
1204 -1.228354288747621 2.654849416346525 8.5
1205 -1.228354288747621 2.654849416346525 9
1206 -1.228354288747621 2.654849416346525 9.5
1207 -1.456708577491746 3.30969883269098 0.5
1208 -1.456708577491746 3.30969883269098 1
1209 -1.456708577491746 3.30969883269098 1.5
1210 -1.456708577491746 3.30969883269098 2
1211 -1.456708577491746 3.30969883269098 2.5
1212 -1.456708577491746 3.30969883269098 3
1213 -1.456708577491746 3.30969883269098 3.5
1214 -1.456708577491746 3.30969883269098 4
1215 -1.456708577491746 3.30969883269098 4.5
1216 -1.456708577491746 3.30969883269098 5
1217 -1.456708577491746 3.30969883269098 5.5
1218 -1.456708577491746 3.30969883269098 6
1219 -1.456708577491746 3.30969883269098 6.5
1220 -1.456708577491746 3.30969883269098 7
1221 -1.456708577491746 3.30969883269098 7.5
1222 -1.456708577491746 3.30969883269098 8
1223 -1.456708577491746 3.30969883269098 8.5
1224 -1.456708577491746 3.30969883269098 9
1225 -1.456708577491746 3.30969883269098 9.5
1226 -1.685062866237471 3.964548249040021 0.5
1227 -1.685062866237471 3.964548249040021 1
1228 -1.685062866237471 3.964548249040021 1.5
1229 -1.685062866237471 3.964548249040021 2
1230 -1.685062866237471 3.964548249040021 2.5
1231 -1.685062866237471 3.964548249040021 3
1232 -1.685062866237471 3.964548249040021 3.5
1233 -1.685062866237471 3.964548249040021 4
1234 -1.685062866237471 3.964548249040021 4.5
1235 -1.685062866237471 3.964548249040021 5
1236 -1.685062866237471 3.964548249040021 5.5
1237 -1.685062866237471 3.964548249040021 6
1238 -1.685062866237471 3.964548249040021 6.5
1239 -1.685062866237471 3.964548249040021 7
1240 -1.685062866237471 3.964548249040021 7.5
1241 -1.685062866237471 3.964548249040021 8
1242 -1.685062866237471 3.964548249040021 8.5
1243 -1.685062866237471 3.964548249040021 9
1244 -1.685062866237471 3.964548249040021 9.5
1245 3.048654051424621e-09 2.749999999998771 0.5
1246 3.048654051424621e-09 2.749999999998771 1
1247 3.048654051424621e-09 2.749999999998771 1.5
1248 3.048654051424621e-09 2.749999999998771 2
1249 3.048654051424621e-09 2.749999999998771 2.5
1250 3.048654051424621e-09 2.749999999998771 3
1251 3.048654051424621e-09 2.749999999998771 3.5
1252 3.048654051424621e-09 2.749999999998771 4
1253 3.048654051424621e-09 2.749999999998771 4.5
1254 3.048654051424621e-09 2.749999999998771 5
1255 3.048654051424621e-09 2.749999999998771 5.5
1256 3.048654051424621e-09 2.749999999998771 6
1257 3.048654051424621e-09 2.749999999998771 6.5
1258 3.048654051424621e-09 2.749999999998771 7
1259 3.048654051424621e-09 2.749999999998771 7.5
1260 3.048654051424621e-09 2.749999999998771 8
1261 3.048654051424621e-09 2.749999999998771 8.5
1262 3.048654051424621e-09 2.749999999998771 9
1263 3.048654051424621e-09 2.749999999998771 9.5
1264 6.102808369748175e-09 3.49999999999517 0.5
1265 6.102808369748175e-09 3.49999999999517 1
1266 6.102808369748175e-09 3.49999999999517 1.5
1267 6.102808369748175e-09 3.49999999999517 2
1268 6.102808369748175e-09 3.49999999999517 2.5
1269 6.102808369748175e-09 3.49999999999517 3
1270 6.102808369748175e-09 3.49999999999517 3.5
1271 6.102808369748175e-09 3.49999999999517 4
1272 6.102808369748175e-09 3.49999999999517 4.5
1273 6.102808369748175e-09 3.49999999999517 5
1274 6.102808369748175e-09 3.49999999999517 5.5
1275 6.102808369748175e-09 3.49999999999517 6
1276 6.102808369748175e-09 3.49999999999517 6.5
1277 6.102808369748175e-09 3.49999999999517 7
1278 6.102808369748175e-09 3.49999999999517 7.5
1279 6.102808369748175e-09 3.49999999999517 8
1280 6.102808369748175e-09 3.49999999999517 8.5
1281 6.102808369748175e-09 3.49999999999517 9
1282 6.102808369748175e-09 3.49999999999517 9.5
1283 9.156962410537365e-09 4.249999999996821 0.5
1284 9.156962410537365e-09 4.249999999996821 1
1285 9.156962410537365e-09 4.249999999996821 1.5
1286 9.156962410537365e-09 4.249999999996821 2
1287 9.156962410537365e-09 4.249999999996821 2.5
1288 9.156962410537365e-09 4.249999999996821 3
1289 9.156962410537365e-09 4.249999999996821 3.5
1290 9.156962410537365e-09 4.249999999996821 4
1291 9.156962410537365e-09 4.249999999996821 4.5
1292 9.156962410537365e-09 4.249999999996821 5
1293 9.156962410537365e-09 4.249999999996821 5.5
1294 9.156962410537365e-09 4.249999999996821 6
1295 9.156962410537365e-09 4.249999999996821 6.5
1296 9.156962410537365e-09 4.249999999996821 7
1297 9.156962410537365e-09 4.249999999996821 7.5
1298 9.156962410537365e-09 4.249999999996821 8
1299 9.156962410537365e-09 4.249999999996821 8.5
1300 9.156962410537365e-09 4.249999999996821 9
1301 9.156962410537365e-09 4.249999999996821 9.5
1302 1.228354291810631 2.654849415076063 0.5
1303 1.228354291810631 2.654849415076063 1
1304 1.228354291810631 2.654849415076063 1.5
1305 1.228354291810631 2.654849415076063 2
1306 1.228354291810631 2.654849415076063 2.5
1307 1.228354291810631 2.654849415076063 3
1308 1.228354291810631 2.654849415076063 3.5
1309 1.228354291810631 2.654849415076063 4
1310 1.228354291810631 2.654849415076063 4.5
1311 1.228354291810631 2.654849415076063 5
1312 1.228354291810631 2.654849415076063 5.5
1313 1.228354291810631 2.654849415076063 6
1314 1.228354291810631 2.654849415076063 6.5
1315 1.228354291810631 2.654849415076063 7
1316 1.228354291810631 2.654849415076063 7.5
1317 1.228354291810631 2.654849415076063 8
1318 1.228354291810631 2.654849415076063 8.5
1319 1.228354291810631 2.654849415076063 9
1320 1.228354291810631 2.654849415076063 9.5
1321 1.456708583623312 3.309698830150054 0.5
1322 1.456708583623312 3.309698830150054 1
1323 1.456708583623312 3.309698830150054 1.5
1324 1.456708583623312 3.309698830150054 2
1325 1.456708583623312 3.309698830150054 2.5
1326 1.456708583623312 3.309698830150054 3
1327 1.456708583623312 3.309698830150054 3.5
1328 1.456708583623312 3.309698830150054 4
1329 1.456708583623312 3.309698830150054 4.5
1330 1.456708583623312 3.309698830150054 5
1331 1.456708583623312 3.309698830150054 5.5
1332 1.456708583623312 3.309698830150054 6
1333 1.456708583623312 3.309698830150054 6.5
1334 1.456708583623312 3.309698830150054 7
1335 1.456708583623312 3.309698830150054 7.5
1336 1.456708583623312 3.309698830150054 8
1337 1.456708583623312 3.309698830150054 8.5
1338 1.456708583623312 3.309698830150054 9
1339 1.456708583623312 3.309698830150054 9.5
1340 1.685062875437592 3.964548245228632 0.5
1341 1.685062875437592 3.964548245228632 1
1342 1.685062875437592 3.964548245228632 1.5
1343 1.685062875437592 3.964548245228632 2
1344 1.685062875437592 3.964548245228632 2.5
1345 1.685062875437592 3.964548245228632 3
1346 1.685062875437592 3.964548245228632 3.5
1347 1.685062875437592 3.964548245228632 4
1348 1.685062875437592 3.964548245228632 4.5
1349 1.685062875437592 3.964548245228632 5
1350 1.685062875437592 3.964548245228632 5.5
1351 1.685062875437592 3.964548245228632 6
1352 1.685062875437592 3.964548245228632 6.5
1353 1.685062875437592 3.964548245228632 7
1354 1.685062875437592 3.964548245228632 7.5
1355 1.685062875437592 3.964548245228632 8
1356 1.685062875437592 3.964548245228632 8.5
1357 1.685062875437592 3.964548245228632 9
1358 1.685062875437592 3.964548245228632 9.5
1359 2.654849416156857 1.228354289205523 0.5
1360 2.654849416156857 1.228354289205523 1
1361 2.654849416156857 1.228354289205523 1.5
1362 2.654849416156857 1.228354289205523 2
1363 2.654849416156857 1.228354289205523 2.5
1364 2.654849416156857 1.228354289205523 3
1365 2.654849416156857 1.228354289205523 3.5
1366 2.654849416156857 1.228354289205523 4
1367 2.654849416156857 1.228354289205523 4.5
1368 2.654849416156857 1.228354289205523 5
1369 2.654849416156857 1.228354289205523 5.5
1370 2.654849416156857 1.228354289205523 6
1371 2.654849416156857 1.228354289205523 6.5
1372 2.654849416156857 1.228354289205523 7
1373 2.654849416156857 1.228354289205523 7.5
1374 2.654849416156857 1.228354289205523 8
1375 2.654849416156857 1.228354289205523 8.5
1376 2.654849416156857 1.228354289205523 9
1377 2.654849416156857 1.228354289205523 9.5
1378 3.309698832311641 1.45670857840755 0.5
1379 3.309698832311641 1.45670857840755 1
1380 3.309698832311641 1.45670857840755 1.5
1381 3.309698832311641 1.45670857840755 2
1382 3.309698832311641 1.45670857840755 2.5
1383 3.309698832311641 1.45670857840755 3
1384 3.309698832311641 1.45670857840755 3.5
1385 3.309698832311641 1.45670857840755 4
1386 3.309698832311641 1.45670857840755 4.5
1387 3.309698832311641 1.45670857840755 5
1388 3.309698832311641 1.45670857840755 5.5
1389 3.309698832311641 1.45670857840755 6
1390 3.309698832311641 1.45670857840755 6.5
1391 3.309698832311641 1.45670857840755 7
1392 3.309698832311641 1.45670857840755 7.5
1393 3.309698832311641 1.45670857840755 8
1394 3.309698832311641 1.45670857840755 8.5
1395 3.309698832311641 1.45670857840755 9
1396 3.309698832311641 1.45670857840755 9.5
1397 3.964548248471012 1.685062867611178 0.5
1398 3.964548248471012 1.685062867611178 1
1399 3.964548248471012 1.685062867611178 1.5
1400 3.964548248471012 1.685062867611178 2
1401 3.964548248471012 1.685062867611178 2.5
1402 3.964548248471012 1.685062867611178 3
1403 3.964548248471012 1.685062867611178 3.5
1404 3.964548248471012 1.685062867611178 4
1405 3.964548248471012 1.685062867611178 4.5
1406 3.964548248471012 1.685062867611178 5
1407 3.964548248471012 1.685062867611178 5.5
1408 3.964548248471012 1.685062867611178 6
1409 3.964548248471012 1.685062867611178 6.5
1410 3.964548248471012 1.685062867611178 7
1411 3.964548248471012 1.685062867611178 7.5
1412 3.964548248471012 1.685062867611178 8
1413 3.964548248471012 1.685062867611178 8.5
1414 3.964548248471012 1.685062867611178 9
1415 3.964548248471012 1.685062867611178 9.5
1416 2.749999999998771 -2.730375425747904e-09 0.5
1417 2.749999999998771 -2.730375425747904e-09 1
1418 2.749999999998771 -2.730375425747904e-09 1.5
1419 2.749999999998771 -2.730375425747904e-09 2
1420 2.749999999998771 -2.730375425747904e-09 2.5
1421 2.749999999998771 -2.730375425747904e-09 3
1422 2.749999999998771 -2.730375425747904e-09 3.5
1423 2.749999999998771 -2.730375425747904e-09 4
1424 2.749999999998771 -2.730375425747904e-09 4.5
1425 2.749999999998771 -2.730375425747904e-09 5
1426 2.749999999998771 -2.730375425747904e-09 5.5
1427 2.749999999998771 -2.730375425747904e-09 6
1428 2.749999999998771 -2.730375425747904e-09 6.5
1429 2.749999999998771 -2.730375425747904e-09 7
1430 2.749999999998771 -2.730375425747904e-09 7.5
1431 2.749999999998771 -2.730375425747904e-09 8
1432 2.749999999998771 -2.730375425747904e-09 8.5
1433 2.749999999998771 -2.730375425747904e-09 9
1434 2.749999999998771 -2.730375425747904e-09 9.5
1435 3.499999999995169 -5.466251451462655e-09 0.5
1436 3.499999999995169 -5.466251451462655e-09 1
1437 3.499999999995169 -5.466251451462655e-09 1.5
1438 3.499999999995169 -5.466251451462655e-09 2
1439 3.499999999995169 -5.466251451462655e-09 2.5
1440 3.499999999995169 -5.466251451462655e-09 3
1441 3.499999999995169 -5.466251451462655e-09 3.5
1442 3.499999999995169 -5.466251451462655e-09 4
1443 3.499999999995169 -5.466251451462655e-09 4.5
1444 3.499999999995169 -5.466251451462655e-09 5
1445 3.499999999995169 -5.466251451462655e-09 5.5
1446 3.499999999995169 -5.466251451462655e-09 6
1447 3.499999999995169 -5.466251451462655e-09 6.5
1448 3.499999999995169 -5.466251451462655e-09 7
1449 3.499999999995169 -5.466251451462655e-09 7.5
1450 3.499999999995169 -5.466251451462655e-09 8
1451 3.499999999995169 -5.466251451462655e-09 8.5
1452 3.499999999995169 -5.466251451462655e-09 9
1453 3.499999999995169 -5.466251451462655e-09 9.5
1454 4.24999999999682 -8.202127643730027e-09 0.5
1455 4.24999999999682 -8.202127643730027e-09 1
1456 4.24999999999682 -8.202127643730027e-09 1.5
1457 4.24999999999682 -8.202127643730027e-09 2
1458 4.24999999999682 -8.202127643730027e-09 2.5
1459 4.24999999999682 -8.202127643730027e-09 3
1460 4.24999999999682 -8.202127643730027e-09 3.5
1461 4.24999999999682 -8.202127643730027e-09 4
1462 4.24999999999682 -8.202127643730027e-09 4.5
1463 4.24999999999682 -8.202127643730027e-09 5
1464 4.24999999999682 -8.202127643730027e-09 5.5
1465 4.24999999999682 -8.202127643730027e-09 6
1466 4.24999999999682 -8.202127643730027e-09 6.5
1467 4.24999999999682 -8.202127643730027e-09 7
1468 4.24999999999682 -8.202127643730027e-09 7.5
1469 4.24999999999682 -8.202127643730027e-09 8
1470 4.24999999999682 -8.202127643730027e-09 8.5
1471 4.24999999999682 -8.202127643730027e-09 9
1472 4.24999999999682 -8.202127643730027e-09 9.5
1473 2.654849415126915 -1.228354291687863 0.5
1474 2.654849415126915 -1.228354291687863 1
1475 2.654849415126915 -1.228354291687863 1.5
1476 2.654849415126915 -1.228354291687863 2
1477 2.654849415126915 -1.228354291687863 2.5
1478 2.654849415126915 -1.228354291687863 3
1479 2.654849415126915 -1.228354291687863 3.5
1480 2.654849415126915 -1.228354291687863 4
1481 2.654849415126915 -1.228354291687863 4.5
1482 2.654849415126915 -1.228354291687863 5
1483 2.654849415126915 -1.228354291687863 5.5
1484 2.654849415126915 -1.228354291687863 6
1485 2.654849415126915 -1.228354291687863 6.5
1486 2.654849415126915 -1.228354291687863 7
1487 2.654849415126915 -1.228354291687863 7.5
1488 2.654849415126915 -1.228354291687863 8
1489 2.654849415126915 -1.228354291687863 8.5
1490 2.654849415126915 -1.228354291687863 9
1491 2.654849415126915 -1.228354291687863 9.5
1492 3.309698830251759 -1.456708583377776 0.5
1493 3.309698830251759 -1.456708583377776 1
1494 3.309698830251759 -1.456708583377776 1.5
1495 3.309698830251759 -1.456708583377776 2
1496 3.309698830251759 -1.456708583377776 2.5
1497 3.309698830251759 -1.456708583377776 3
1498 3.309698830251759 -1.456708583377776 3.5
1499 3.309698830251759 -1.456708583377776 4
1500 3.309698830251759 -1.456708583377776 4.5
1501 3.309698830251759 -1.456708583377776 5
1502 3.309698830251759 -1.456708583377776 5.5
1503 3.309698830251759 -1.456708583377776 6
1504 3.309698830251759 -1.456708583377776 6.5
1505 3.309698830251759 -1.456708583377776 7
1506 3.309698830251759 -1.456708583377776 7.5
1507 3.309698830251759 -1.456708583377776 8
1508 3.309698830251759 -1.456708583377776 8.5
1509 3.309698830251759 -1.456708583377776 9
1510 3.309698830251759 -1.456708583377776 9.5
1511 3.964548245381189 -1.685062875069288 0.5
1512 3.964548245381189 -1.685062875069288 1
1513 3.964548245381189 -1.685062875069288 1.5
1514 3.964548245381189 -1.685062875069288 2
1515 3.964548245381189 -1.685062875069288 2.5
1516 3.964548245381189 -1.685062875069288 3
1517 3.964548245381189 -1.685062875069288 3.5
1518 3.964548245381189 -1.685062875069288 4
1519 3.964548245381189 -1.685062875069288 4.5
1520 3.964548245381189 -1.685062875069288 5
1521 3.964548245381189 -1.685062875069288 5.5
1522 3.964548245381189 -1.685062875069288 6
1523 3.964548245381189 -1.685062875069288 6.5
1524 3.964548245381189 -1.685062875069288 7
1525 3.964548245381189 -1.685062875069288 7.5
1526 3.964548245381189 -1.685062875069288 8
1527 3.964548245381189 -1.685062875069288 8.5
1528 3.964548245381189 -1.685062875069288 9
1529 3.964548245381189 -1.685062875069288 9.5
1530 1.228354288897029 -2.654849416284639 0.5
1531 1.228354288897029 -2.654849416284639 1
1532 1.228354288897029 -2.654849416284639 1.5
1533 1.228354288897029 -2.654849416284639 2
1534 1.228354288897029 -2.654849416284639 2.5
1535 1.228354288897029 -2.654849416284639 3
1536 1.228354288897029 -2.654849416284639 3.5
1537 1.228354288897029 -2.654849416284639 4
1538 1.228354288897029 -2.654849416284639 4.5
1539 1.228354288897029 -2.654849416284639 5
1540 1.228354288897029 -2.654849416284639 5.5
1541 1.228354288897029 -2.654849416284639 6
1542 1.228354288897029 -2.654849416284639 6.5
1543 1.228354288897029 -2.654849416284639 7
1544 1.228354288897029 -2.654849416284639 7.5
1545 1.228354288897029 -2.654849416284639 8
1546 1.228354288897029 -2.654849416284639 8.5
1547 1.228354288897029 -2.654849416284639 9
1548 1.228354288897029 -2.654849416284639 9.5
1549 1.456708577790562 -3.309698832567207 0.5
1550 1.456708577790562 -3.309698832567207 1
1551 1.456708577790562 -3.309698832567207 1.5
1552 1.456708577790562 -3.309698832567207 2
1553 1.456708577790562 -3.309698832567207 2.5
1554 1.456708577790562 -3.309698832567207 3
1555 1.456708577790562 -3.309698832567207 3.5
1556 1.456708577790562 -3.309698832567207 4
1557 1.456708577790562 -3.309698832567207 4.5
1558 1.456708577790562 -3.309698832567207 5
1559 1.456708577790562 -3.309698832567207 5.5
1560 1.456708577790562 -3.309698832567207 6
1561 1.456708577790562 -3.309698832567207 6.5
1562 1.456708577790562 -3.309698832567207 7
1563 1.456708577790562 -3.309698832567207 7.5
1564 1.456708577790562 -3.309698832567207 8
1565 1.456708577790562 -3.309698832567207 8.5
1566 1.456708577790562 -3.309698832567207 9
1567 1.456708577790562 -3.309698832567207 9.5
1568 1.685062866685694 -3.964548248854361 0.5
1569 1.685062866685694 -3.964548248854361 1
1570 1.685062866685694 -3.964548248854361 1.5
1571 1.685062866685694 -3.964548248854361 2
1572 1.685062866685694 -3.964548248854361 2.5
1573 1.685062866685694 -3.964548248854361 3
1574 1.685062866685694 -3.964548248854361 3.5
1575 1.685062866685694 -3.964548248854361 4
1576 1.685062866685694 -3.964548248854361 4.5
1577 1.685062866685694 -3.964548248854361 5
1578 1.685062866685694 -3.964548248854361 5.5
1579 1.685062866685694 -3.964548248854361 6
1580 1.685062866685694 -3.964548248854361 6.5
1581 1.685062866685694 -3.964548248854361 7
1582 1.685062866685694 -3.964548248854361 7.5
1583 1.685062866685694 -3.964548248854361 8
1584 1.685062866685694 -3.964548248854361 8.5
1585 1.685062866685694 -3.964548248854361 9
1586 1.685062866685694 -3.964548248854361 9.5
1587 -2.886632710636642e-09 -2.749999999998771 0.5
1588 -2.886632710636642e-09 -2.749999999998771 1
1589 -2.886632710636642e-09 -2.749999999998771 1.5
1590 -2.886632710636642e-09 -2.749999999998771 2
1591 -2.886632710636642e-09 -2.749999999998771 2.5
1592 -2.886632710636642e-09 -2.749999999998771 3
1593 -2.886632710636642e-09 -2.749999999998771 3.5
1594 -2.886632710636642e-09 -2.749999999998771 4
1595 -2.886632710636642e-09 -2.749999999998771 4.5
1596 -2.886632710636642e-09 -2.749999999998771 5
1597 -2.886632710636642e-09 -2.749999999998771 5.5
1598 -2.886632710636642e-09 -2.749999999998771 6
1599 -2.886632710636642e-09 -2.749999999998771 6.5
1600 -2.886632710636642e-09 -2.749999999998771 7
1601 -2.886632710636642e-09 -2.749999999998771 7.5
1602 -2.886632710636642e-09 -2.749999999998771 8
1603 -2.886632710636642e-09 -2.749999999998771 8.5
1604 -2.886632710636642e-09 -2.749999999998771 9
1605 -2.886632710636642e-09 -2.749999999998771 9.5
1606 -5.778766021239638e-09 -3.49999999999517 0.5
1607 -5.778766021239638e-09 -3.49999999999517 1
1608 -5.778766021239638e-09 -3.49999999999517 1.5
1609 -5.778766021239638e-09 -3.49999999999517 2
1610 -5.778766021239638e-09 -3.49999999999517 2.5
1611 -5.778766021239638e-09 -3.49999999999517 3
1612 -5.778766021239638e-09 -3.49999999999517 3.5
1613 -5.778766021239638e-09 -3.49999999999517 4
1614 -5.778766021239638e-09 -3.49999999999517 4.5
1615 -5.778766021239638e-09 -3.49999999999517 5
1616 -5.778766021239638e-09 -3.49999999999517 5.5
1617 -5.778766021239638e-09 -3.49999999999517 6
1618 -5.778766021239638e-09 -3.49999999999517 6.5
1619 -5.778766021239638e-09 -3.49999999999517 7
1620 -5.778766021239638e-09 -3.49999999999517 7.5
1621 -5.778766021239638e-09 -3.49999999999517 8
1622 -5.778766021239638e-09 -3.49999999999517 8.5
1623 -5.778766021239638e-09 -3.49999999999517 9
1624 -5.778766021239638e-09 -3.49999999999517 9.5
1625 -8.670899997996709e-09 -4.249999999996821 0.5
1626 -8.670899997996709e-09 -4.249999999996821 1
1627 -8.670899997996709e-09 -4.249999999996821 1.5
1628 -8.670899997996709e-09 -4.249999999996821 2
1629 -8.670899997996709e-09 -4.249999999996821 2.5
1630 -8.670899997996709e-09 -4.249999999996821 3
1631 -8.670899997996709e-09 -4.249999999996821 3.5
1632 -8.670899997996709e-09 -4.249999999996821 4
1633 -8.670899997996709e-09 -4.249999999996821 4.5
1634 -8.670899997996709e-09 -4.249999999996821 5
1635 -8.670899997996709e-09 -4.249999999996821 5.5
1636 -8.670899997996709e-09 -4.249999999996821 6
1637 -8.670899997996709e-09 -4.249999999996821 6.5
1638 -8.670899997996709e-09 -4.249999999996821 7
1639 -8.670899997996709e-09 -4.249999999996821 7.5
1640 -8.670899997996709e-09 -4.249999999996821 8
1641 -8.670899997996709e-09 -4.249999999996821 8.5
1642 -8.670899997996709e-09 -4.249999999996821 9
1643 -8.670899997996709e-09 -4.249999999996821 9.5
1644 -1.228354291813272 -2.654849415074968 0.5
1645 -1.228354291813272 -2.654849415074968 1
1646 -1.228354291813272 -2.654849415074968 1.5
1647 -1.228354291813272 -2.654849415074968 2
1648 -1.228354291813272 -2.654849415074968 2.5
1649 -1.228354291813272 -2.654849415074968 3
1650 -1.228354291813272 -2.654849415074968 3.5
1651 -1.228354291813272 -2.654849415074968 4
1652 -1.228354291813272 -2.654849415074968 4.5
1653 -1.228354291813272 -2.654849415074968 5
1654 -1.228354291813272 -2.654849415074968 5.5
1655 -1.228354291813272 -2.654849415074968 6
1656 -1.228354291813272 -2.654849415074968 6.5
1657 -1.228354291813272 -2.654849415074968 7
1658 -1.228354291813272 -2.654849415074968 7.5
1659 -1.228354291813272 -2.654849415074968 8
1660 -1.228354291813272 -2.654849415074968 8.5
1661 -1.228354291813272 -2.654849415074968 9
1662 -1.228354291813272 -2.654849415074968 9.5
1663 -1.456708583628594 -3.309698830147865 0.5
1664 -1.456708583628594 -3.309698830147865 1
1665 -1.456708583628594 -3.309698830147865 1.5
1666 -1.456708583628594 -3.309698830147865 2
1667 -1.456708583628594 -3.309698830147865 2.5
1668 -1.456708583628594 -3.309698830147865 3
1669 -1.456708583628594 -3.309698830147865 3.5
1670 -1.456708583628594 -3.309698830147865 4
1671 -1.456708583628594 -3.309698830147865 4.5
1672 -1.456708583628594 -3.309698830147865 5
1673 -1.456708583628594 -3.309698830147865 5.5
1674 -1.456708583628594 -3.309698830147865 6
1675 -1.456708583628594 -3.309698830147865 6.5
1676 -1.456708583628594 -3.309698830147865 7
1677 -1.456708583628594 -3.309698830147865 7.5
1678 -1.456708583628594 -3.309698830147865 8
1679 -1.456708583628594 -3.309698830147865 8.5
1680 -1.456708583628594 -3.309698830147865 9
1681 -1.456708583628594 -3.309698830147865 9.5
1682 -1.685062875445516 -3.964548245225349 0.5
1683 -1.685062875445516 -3.964548245225349 1
1684 -1.685062875445516 -3.964548245225349 1.5
1685 -1.685062875445516 -3.964548245225349 2
1686 -1.685062875445516 -3.964548245225349 2.5
1687 -1.685062875445516 -3.964548245225349 3
1688 -1.685062875445516 -3.964548245225349 3.5
1689 -1.685062875445516 -3.964548245225349 4
1690 -1.685062875445516 -3.964548245225349 4.5
1691 -1.685062875445516 -3.964548245225349 5
1692 -1.685062875445516 -3.964548245225349 5.5
1693 -1.685062875445516 -3.964548245225349 6
1694 -1.685062875445516 -3.964548245225349 6.5
1695 -1.685062875445516 -3.964548245225349 7
1696 -1.685062875445516 -3.964548245225349 7.5
1697 -1.685062875445516 -3.964548245225349 8
1698 -1.685062875445516 -3.964548245225349 8.5
1699 -1.685062875445516 -3.964548245225349 9
1700 -1.685062875445516 -3.964548245225349 9.5
1701 -2.654849416190654 -1.228354289123929 0.5
1702 -2.654849416190654 -1.228354289123929 1
1703 -2.654849416190654 -1.228354289123929 1.5
1704 -2.654849416190654 -1.228354289123929 2
1705 -2.654849416190654 -1.228354289123929 2.5
1706 -2.654849416190654 -1.228354289123929 3
1707 -2.654849416190654 -1.228354289123929 3.5
1708 -2.654849416190654 -1.228354289123929 4
1709 -2.654849416190654 -1.228354289123929 4.5
1710 -2.654849416190654 -1.228354289123929 5
1711 -2.654849416190654 -1.228354289123929 5.5
1712 -2.654849416190654 -1.228354289123929 6
1713 -2.654849416190654 -1.228354289123929 6.5
1714 -2.654849416190654 -1.228354289123929 7
1715 -2.654849416190654 -1.228354289123929 7.5
1716 -2.654849416190654 -1.228354289123929 8
1717 -2.654849416190654 -1.228354289123929 8.5
1718 -2.654849416190654 -1.228354289123929 9
1719 -2.654849416190654 -1.228354289123929 9.5
1720 -3.309698832379236 -1.456708578244363 0.5
1721 -3.309698832379236 -1.456708578244363 1
1722 -3.309698832379236 -1.456708578244363 1.5
1723 -3.309698832379236 -1.456708578244363 2
1724 -3.309698832379236 -1.456708578244363 2.5
1725 -3.309698832379236 -1.456708578244363 3
1726 -3.309698832379236 -1.456708578244363 3.5
1727 -3.309698832379236 -1.456708578244363 4
1728 -3.309698832379236 -1.456708578244363 4.5
1729 -3.309698832379236 -1.456708578244363 5
1730 -3.309698832379236 -1.456708578244363 5.5
1731 -3.309698832379236 -1.456708578244363 6
1732 -3.309698832379236 -1.456708578244363 6.5
1733 -3.309698832379236 -1.456708578244363 7
1734 -3.309698832379236 -1.456708578244363 7.5
1735 -3.309698832379236 -1.456708578244363 8
1736 -3.309698832379236 -1.456708578244363 8.5
1737 -3.309698832379236 -1.456708578244363 9
1738 -3.309698832379236 -1.456708578244363 9.5
1739 -3.964548248572405 -1.685062867366396 0.5
1740 -3.964548248572405 -1.685062867366396 1
1741 -3.964548248572405 -1.685062867366396 1.5
1742 -3.964548248572405 -1.685062867366396 2
1743 -3.964548248572405 -1.685062867366396 2.5
1744 -3.964548248572405 -1.685062867366396 3
1745 -3.964548248572405 -1.685062867366396 3.5
1746 -3.964548248572405 -1.685062867366396 4
1747 -3.964548248572405 -1.685062867366396 4.5
1748 -3.964548248572405 -1.685062867366396 5
1749 -3.964548248572405 -1.685062867366396 5.5
1750 -3.964548248572405 -1.685062867366396 6
1751 -3.964548248572405 -1.685062867366396 6.5
1752 -3.964548248572405 -1.685062867366396 7
1753 -3.964548248572405 -1.685062867366396 7.5
1754 -3.964548248572405 -1.685062867366396 8
1755 -3.964548248572405 -1.685062867366396 8.5
1756 -3.964548248572405 -1.685062867366396 9
1757 -3.964548248572405 -1.685062867366396 9.5
1758 -2.749999999998771 2.493760642426138e-09 0.5
1759 -2.749999999998771 2.493760642426138e-09 1
1760 -2.749999999998771 2.493760642426138e-09 1.5
1761 -2.749999999998771 2.493760642426138e-09 2
1762 -2.749999999998771 2.493760642426138e-09 2.5
1763 -2.749999999998771 2.493760642426138e-09 3
1764 -2.749999999998771 2.493760642426138e-09 3.5
1765 -2.749999999998771 2.493760642426138e-09 4
1766 -2.749999999998771 2.493760642426138e-09 4.5
1767 -2.749999999998771 2.493760642426138e-09 5
1768 -2.749999999998771 2.493760642426138e-09 5.5
1769 -2.749999999998771 2.493760642426138e-09 6
1770 -2.749999999998771 2.493760642426138e-09 6.5
1771 -2.749999999998771 2.493760642426138e-09 7
1772 -2.749999999998771 2.493760642426138e-09 7.5
1773 -2.749999999998771 2.493760642426138e-09 8
1774 -2.749999999998771 2.493760642426138e-09 8.5
1775 -2.749999999998771 2.493760642426138e-09 9
1776 -2.749999999998771 2.493760642426138e-09 9.5
1777 -3.49999999999517 4.993021773797572e-09 0.5
1778 -3.49999999999517 4.993021773797572e-09 1
1779 -3.49999999999517 4.993021773797572e-09 1.5
1780 -3.49999999999517 4.993021773797572e-09 2
1781 -3.49999999999517 4.993021773797572e-09 2.5
1782 -3.49999999999517 4.993021773797572e-09 3
1783 -3.49999999999517 4.993021773797572e-09 3.5
1784 -3.49999999999517 4.993021773797572e-09 4
1785 -3.49999999999517 4.993021773797572e-09 4.5
1786 -3.49999999999517 4.993021773797572e-09 5
1787 -3.49999999999517 4.993021773797572e-09 5.5
1788 -3.49999999999517 4.993021773797572e-09 6
1789 -3.49999999999517 4.993021773797572e-09 6.5
1790 -3.49999999999517 4.993021773797572e-09 7
1791 -3.49999999999517 4.993021773797572e-09 7.5
1792 -3.49999999999517 4.993021773797572e-09 8
1793 -3.49999999999517 4.993021773797572e-09 8.5
1794 -3.49999999999517 4.993021773797572e-09 9
1795 -3.49999999999517 4.993021773797572e-09 9.5
1796 -4.249999999996821 7.492282905186511e-09 0.5
1797 -4.249999999996821 7.492282905186511e-09 1
1798 -4.249999999996821 7.492282905186511e-09 1.5
1799 -4.249999999996821 7.492282905186511e-09 2
1800 -4.249999999996821 7.492282905186511e-09 2.5
1801 -4.249999999996821 7.492282905186511e-09 3
1802 -4.249999999996821 7.492282905186511e-09 3.5
1803 -4.249999999996821 7.492282905186511e-09 4
1804 -4.249999999996821 7.492282905186511e-09 4.5
1805 -4.249999999996821 7.492282905186511e-09 5
1806 -4.249999999996821 7.492282905186511e-09 5.5
1807 -4.249999999996821 7.492282905186511e-09 6
1808 -4.249999999996821 7.492282905186511e-09 6.5
1809 -4.249999999996821 7.492282905186511e-09 7
1810 -4.249999999996821 7.492282905186511e-09 7.5
1811 -4.249999999996821 7.492282905186511e-09 8
1812 -4.249999999996821 7.492282905186511e-09 8.5
1813 -4.249999999996821 7.492282905186511e-09 9
1814 -4.249999999996821 7.492282905186511e-09 9.5
1815 -2.654849415107831 1.228354291733935 0.5
1816 -2.654849415107831 1.228354291733935 1
1817 -2.654849415107831 1.228354291733935 1.5
1818 -2.654849415107831 1.228354291733935 2
1819 -2.654849415107831 1.228354291733935 2.5
1820 -2.654849415107831 1.228354291733935 3
1821 -2.654849415107831 1.228354291733935 3.5
1822 -2.654849415107831 1.228354291733935 4
1823 -2.654849415107831 1.228354291733935 4.5
1824 -2.654849415107831 1.228354291733935 5
1825 -2.654849415107831 1.228354291733935 5.5
1826 -2.654849415107831 1.228354291733935 6
1827 -2.654849415107831 1.228354291733935 6.5
1828 -2.654849415107831 1.228354291733935 7
1829 -2.654849415107831 1.228354291733935 7.5
1830 -2.654849415107831 1.228354291733935 8
1831 -2.654849415107831 1.228354291733935 8.5
1832 -2.654849415107831 1.228354291733935 9
1833 -2.654849415107831 1.228354291733935 9.5
1834 -3.309698830213591 1.45670858346992 0.5
1835 -3.309698830213591 1.45670858346992 1
1836 -3.309698830213591 1.45670858346992 1.5
1837 -3.309698830213591 1.45670858346992 2
1838 -3.309698830213591 1.45670858346992 2.5
1839 -3.309698830213591 1.45670858346992 3
1840 -3.309698830213591 1.45670858346992 3.5
1841 -3.309698830213591 1.45670858346992 4
1842 -3.309698830213591 1.45670858346992 4.5
1843 -3.309698830213591 1.45670858346992 5
1844 -3.309698830213591 1.45670858346992 5.5
1845 -3.309698830213591 1.45670858346992 6
1846 -3.309698830213591 1.45670858346992 6.5
1847 -3.309698830213591 1.45670858346992 7
1848 -3.309698830213591 1.45670858346992 7.5
1849 -3.309698830213591 1.45670858346992 8
1850 -3.309698830213591 1.45670858346992 8.5
1851 -3.309698830213591 1.45670858346992 9
1852 -3.309698830213591 1.45670858346992 9.5
1853 -3.964548245323937 1.685062875207504 0.5
1854 -3.964548245323937 1.685062875207504 1
1855 -3.964548245323937 1.685062875207504 1.5
1856 -3.964548245323937 1.685062875207504 2
1857 -3.964548245323937 1.685062875207504 2.5
1858 -3.964548245323937 1.685062875207504 3
1859 -3.964548245323937 1.685062875207504 3.5
1860 -3.964548245323937 1.685062875207504 4
1861 -3.964548245323937 1.685062875207504 4.5
1862 -3.964548245323937 1.685062875207504 5
1863 -3.964548245323937 1.685062875207504 5.5
1864 -3.964548245323937 1.685062875207504 6
1865 -3.964548245323937 1.685062875207504 6.5
1866 -3.964548245323937 1.685062875207504 7
1867 -3.964548245323937 1.685062875207504 7.5
1868 -3.964548245323937 1.685062875207504 8
1869 -3.964548245323937 1.685062875207504 8.5
1870 -3.964548245323937 1.685062875207504 9
1871 -3.964548245323937 1.685062875207504 9.5
$EndNodes
$Elements
2994
1 15 2 0 1 1
2 15 2 0 2 2
3 15 2 0 3 3
4 15 2 0 4 4
5 15 2 0 5 5
6 15 2 0 6 6
7 15 2 0 7 7
8 15 2 0 8 8
9 15 2 0 9 9
10 15 2 0 10 10
11 15 2 0 11 11
12 15 2 0 15 12
13 15 2 0 19 13
14 15 2 0 25 14
15 15 2 0 29 15
16 15 2 0 30 16
17 15 2 0 36 17
18 15 2 0 42 18
19 1 2 0 1 2 19
20 1 2 0 1 19 20
21 1 2 0 1 20 21
22 1 2 0 1 21 3
23 1 2 0 2 3 22
24 1 2 0 2 22 23
25 1 2 0 2 23 24
26 1 2 0 2 24 4
27 1 2 0 3 4 25
28 1 2 0 3 25 26
29 1 2 0 3 26 27
30 1 2 0 3 27 5
31 1 2 0 4 5 28
32 1 2 0 4 28 29
33 1 2 0 4 29 30
34 1 2 0 4 30 2
35 1 2 0 5 2 31
36 1 2 0 5 31 32
37 1 2 0 5 32 33
38 1 2 0 5 33 6
39 1 2 0 6 3 34
40 1 2 0 6 34 35
41 1 2 0 6 35 36
42 1 2 0 6 36 7
43 1 2 0 7 4 37
44 1 2 0 7 37 38
45 1 2 0 7 38 39
46 1 2 0 7 39 8
47 1 2 0 8 5 40
48 1 2 0 8 40 41
49 1 2 0 8 41 42
50 1 2 0 8 42 9
51 1 2 0 9 6 43
52 1 2 0 9 43 44
53 1 2 0 9 44 45
54 1 2 0 9 45 7
55 1 2 0 10 7 46
56 1 2 0 10 46 47
57 1 2 0 10 47 48
58 1 2 0 10 48 8
59 1 2 0 11 8 49
60 1 2 0 11 49 50
61 1 2 0 11 50 51
62 1 2 0 11 51 9
63 1 2 0 12 9 52
64 1 2 0 12 52 53
65 1 2 0 12 53 54
66 1 2 0 12 54 6
67 1 2 0 14 10 55
68 1 2 0 14 55 56
69 1 2 0 14 56 57
70 1 2 0 14 57 11
71 1 2 0 15 11 58
72 1 2 0 15 58 59
73 1 2 0 15 59 60
74 1 2 0 15 60 12
75 1 2 0 16 12 61
76 1 2 0 16 61 62
77 1 2 0 16 62 63
78 1 2 0 16 63 13
79 1 2 0 17 13 64
80 1 2 0 17 64 65
81 1 2 0 17 65 66
82 1 2 0 17 66 10
83 1 2 0 19 2 67
84 1 2 0 19 67 68
85 1 2 0 19 68 69
86 1 2 0 19 69 70
87 1 2 0 19 70 71
88 1 2 0 19 71 72
89 1 2 0 19 72 73
90 1 2 0 19 73 74
91 1 2 0 19 74 75
92 1 2 0 19 75 76
93 1 2 0 19 76 77
94 1 2 0 19 77 78
95 1 2 0 19 78 79
96 1 2 0 19 79 80
97 1 2 0 19 80 81
98 1 2 0 19 81 82
99 1 2 0 19 82 83
100 1 2 0 19 83 84
101 1 2 0 19 84 85
102 1 2 0 19 85 10
103 1 2 0 20 3 86
104 1 2 0 20 86 87
105 1 2 0 20 87 88
106 1 2 0 20 88 89
107 1 2 0 20 89 90
108 1 2 0 20 90 91
109 1 2 0 20 91 92
110 1 2 0 20 92 93
111 1 2 0 20 93 94
112 1 2 0 20 94 95
113 1 2 0 20 95 96
114 1 2 0 20 96 97
115 1 2 0 20 97 98
116 1 2 0 20 98 99
117 1 2 0 20 99 100
118 1 2 0 20 100 101
119 1 2 0 20 101 102
120 1 2 0 20 102 103
121 1 2 0 20 103 104
122 1 2 0 20 104 11
123 1 2 0 24 4 105
124 1 2 0 24 105 106
125 1 2 0 24 106 107
126 1 2 0 24 107 108
127 1 2 0 24 108 109
128 1 2 0 24 109 110
129 1 2 0 24 110 111
130 1 2 0 24 111 112
131 1 2 0 24 112 113
132 1 2 0 24 113 114
133 1 2 0 24 114 115
134 1 2 0 24 115 116
135 1 2 0 24 116 117
136 1 2 0 24 117 118
137 1 2 0 24 118 119
138 1 2 0 24 119 120
139 1 2 0 24 120 121
140 1 2 0 24 121 122
141 1 2 0 24 122 123
142 1 2 0 24 123 12
143 1 2 0 28 5 124
144 1 2 0 28 124 125
145 1 2 0 28 125 126
146 1 2 0 28 126 127
147 1 2 0 28 127 128
148 1 2 0 28 128 129
149 1 2 0 28 129 130
150 1 2 0 28 130 131
151 1 2 0 28 131 132
152 1 2 0 28 132 133
153 1 2 0 28 133 134
154 1 2 0 28 134 135
155 1 2 0 28 135 136
156 1 2 0 28 136 137
157 1 2 0 28 137 138
158 1 2 0 28 138 139
159 1 2 0 28 139 140
160 1 2 0 28 140 141
161 1 2 0 28 141 142
162 1 2 0 28 142 13
163 1 2 0 37 11 143
164 1 2 0 37 143 144
165 1 2 0 37 144 145
166 1 2 0 37 145 14
167 1 2 0 38 14 146
168 1 2 0 38 146 147
169 1 2 0 38 147 148
170 1 2 0 38 148 16
171 1 2 0 39 16 149
172 1 2 0 39 149 150
173 1 2 0 39 150 151
174 1 2 0 39 151 10
175 1 2 0 46 7 152
176 1 2 0 46 152 153
177 1 2 0 46 153 154
178 1 2 0 46 154 155
179 1 2 0 46 155 156
180 1 2 0 46 156 157
181 1 2 0 46 157 158
182 1 2 0 46 158 159
183 1 2 0 46 159 160
184 1 2 0 46 160 161
185 1 2 0 46 161 162
186 1 2 0 46 162 163
187 1 2 0 46 163 164
188 1 2 0 46 164 165
189 1 2 0 46 165 166
190 1 2 0 46 166 167
191 1 2 0 46 167 168
192 1 2 0 46 168 169
193 1 2 0 46 169 170
194 1 2 0 46 170 14
195 1 2 0 50 6 171
196 1 2 0 50 171 172
197 1 2 0 50 172 173
198 1 2 0 50 173 174
199 1 2 0 50 174 175
200 1 2 0 50 175 176
201 1 2 0 50 176 177
202 1 2 0 50 177 178
203 1 2 0 50 178 179
204 1 2 0 50 179 180
205 1 2 0 50 180 181
206 1 2 0 50 181 182
207 1 2 0 50 182 183
208 1 2 0 50 183 184
209 1 2 0 50 184 185
210 1 2 0 50 185 186
211 1 2 0 50 186 187
212 1 2 0 50 187 188
213 1 2 0 50 188 189
214 1 2 0 50 189 16
215 1 2 0 59 12 190
216 1 2 0 59 190 191
217 1 2 0 59 191 192
218 1 2 0 59 192 17
219 1 2 0 60 17 193
220 1 2 0 60 193 194
221 1 2 0 60 194 195
222 1 2 0 60 195 14
223 1 2 0 68 8 196
224 1 2 0 68 196 197
225 1 2 0 68 197 198
226 1 2 0 68 198 199
227 1 2 0 68 199 200
228 1 2 0 68 200 201
229 1 2 0 68 201 202
230 1 2 0 68 202 203
231 1 2 0 68 203 204
232 1 2 0 68 204 205
233 1 2 0 68 205 206
234 1 2 0 68 206 207
235 1 2 0 68 207 208
236 1 2 0 68 208 209
237 1 2 0 68 209 210
238 1 2 0 68 210 211
239 1 2 0 68 211 212
240 1 2 0 68 212 213
241 1 2 0 68 213 214
242 1 2 0 68 214 17
243 1 2 0 81 13 215
244 1 2 0 81 215 216
245 1 2 0 81 216 217
246 1 2 0 81 217 18
247 1 2 0 82 18 218
248 1 2 0 82 218 219
249 1 2 0 82 219 220
250 1 2 0 82 220 17
251 1 2 0 90 9 221
252 1 2 0 90 221 222
253 1 2 0 90 222 223
254 1 2 0 90 223 224
255 1 2 0 90 224 225
256 1 2 0 90 225 226
257 1 2 0 90 226 227
258 1 2 0 90 227 228
259 1 2 0 90 228 229
260 1 2 0 90 229 230
261 1 2 0 90 230 231
262 1 2 0 90 231 232
263 1 2 0 90 232 233
264 1 2 0 90 233 234
265 1 2 0 90 234 235
266 1 2 0 90 235 236
267 1 2 0 90 236 237
268 1 2 0 90 237 238
269 1 2 0 90 238 239
270 1 2 0 90 239 18
271 1 2 0 104 16 240
272 1 2 0 104 240 241
273 1 2 0 104 241 242
274 1 2 0 104 242 18
275 3 2 0 1 2 19 243 30
276 3 2 0 1 30 243 244 29
277 3 2 0 1 29 244 245 28
278 3 2 0 1 28 245 27 5
279 3 2 0 1 19 20 246 243
280 3 2 0 1 243 246 247 244
281 3 2 0 1 244 247 248 245
282 3 2 0 1 245 248 26 27
283 3 2 0 1 20 21 249 246
284 3 2 0 1 246 249 250 247
285 3 2 0 1 247 250 251 248
286 3 2 0 1 248 251 25 26
287 3 2 0 1 21 3 22 249
288 3 2 0 1 249 22 23 250
289 3 2 0 1 250 23 24 251
290 3 2 0 1 251 24 4 25
291 3 2 0 2 2 19 252 31
292 3 2 0 2 31 252 253 32
293 3 2 0 2 32 253 254 33
294 3 2 0 2 33 254 43 6
295 3 2 0 2 19 20 255 252
296 3 2 0 2 252 255 256 253
297 3 2 0 2 253 256 257 254
298 3 2 0 2 254 257 44 43
299 3 2 0 2 20 21 258 255
300 3 2 0 2 255 258 259 256
301 3 2 0 2 256 259 260 257
302 3 2 0 2 257 260 45 44
303 3 2 0 2 21 3 34 258
304 3 2 0 2 258 34 35 259
305 3 2 0 2 259 35 36 260
306 3 2 0 2 260 36 7 45
307 3 2 0 3 3 22 261 34
308 3 2 0 3 34 261 262 35
309 3 2 0 3 35 262 263 36
310 3 2 0 3 36 263 46 7
311 3 2 0 3 22 23 264 261
312 3 2 0 3 261 264 265 262
313 3 2 0 3 262 265 266 263
314 3 2 0 3 263 266 47 46
315 3 2 0 3 23 24 267 264
316 3 2 0 3 264 267 268 265
317 3 2 0 3 265 268 269 266
318 3 2 0 3 266 269 48 47
319 3 2 0 3 24 4 37 267
320 3 2 0 3 267 37 38 268
321 3 2 0 3 268 38 39 269
322 3 2 0 3 269 39 8 48
323 3 2 0 4 4 25 270 37
324 3 2 0 4 37 270 271 38
325 3 2 0 4 38 271 272 39
326 3 2 0 4 39 272 49 8
327 3 2 0 4 25 26 273 270
328 3 2 0 4 270 273 274 271
329 3 2 0 4 271 274 275 272
330 3 2 0 4 272 275 50 49
331 3 2 0 4 26 27 276 273
332 3 2 0 4 273 276 277 274
333 3 2 0 4 274 277 278 275
334 3 2 0 4 275 278 51 50
335 3 2 0 4 27 5 40 276
336 3 2 0 4 276 40 41 277
337 3 2 0 4 277 41 42 278
338 3 2 0 4 278 42 9 51
339 3 2 0 5 5 28 279 40
340 3 2 0 5 40 279 280 41
341 3 2 0 5 41 280 281 42
342 3 2 0 5 42 281 52 9
343 3 2 0 5 28 29 282 279
344 3 2 0 5 279 282 283 280
345 3 2 0 5 280 283 284 281
346 3 2 0 5 281 284 53 52
347 3 2 0 5 29 30 285 282
348 3 2 0 5 282 285 286 283
349 3 2 0 5 283 286 287 284
350 3 2 0 5 284 287 54 53
351 3 2 0 5 30 2 31 285
352 3 2 0 5 285 31 32 286
353 3 2 0 5 286 32 33 287
354 3 2 0 5 287 33 6 54
355 3 2 0 21 2 19 288 67
356 3 2 0 21 67 288 289 68
357 3 2 0 21 68 289 290 69
358 3 2 0 21 69 290 291 70
359 3 2 0 21 70 291 292 71
360 3 2 0 21 71 292 293 72
361 3 2 0 21 72 293 294 73
362 3 2 0 21 73 294 295 74
363 3 2 0 21 74 295 296 75
364 3 2 0 21 75 296 297 76
365 3 2 0 21 76 297 298 77
366 3 2 0 21 77 298 299 78
367 3 2 0 21 78 299 300 79
368 3 2 0 21 79 300 301 80
369 3 2 0 21 80 301 302 81
370 3 2 0 21 81 302 303 82
371 3 2 0 21 82 303 304 83
372 3 2 0 21 83 304 305 84
373 3 2 0 21 84 305 306 85
374 3 2 0 21 85 306 55 10
375 3 2 0 21 19 20 307 288
376 3 2 0 21 288 307 308 289
377 3 2 0 21 289 308 309 290
378 3 2 0 21 290 309 310 291
379 3 2 0 21 291 310 311 292
380 3 2 0 21 292 311 312 293
381 3 2 0 21 293 312 313 294
382 3 2 0 21 294 313 314 295
383 3 2 0 21 295 314 315 296
384 3 2 0 21 296 315 316 297
385 3 2 0 21 297 316 317 298
386 3 2 0 21 298 317 318 299
387 3 2 0 21 299 318 319 300
388 3 2 0 21 300 319 320 301
389 3 2 0 21 301 320 321 302
390 3 2 0 21 302 321 322 303
391 3 2 0 21 303 322 323 304
392 3 2 0 21 304 323 324 305
393 3 2 0 21 305 324 325 306
394 3 2 0 21 306 325 56 55
395 3 2 0 21 20 21 326 307
396 3 2 0 21 307 326 327 308
397 3 2 0 21 308 327 328 309
398 3 2 0 21 309 328 329 310
399 3 2 0 21 310 329 330 311
400 3 2 0 21 311 330 331 312
401 3 2 0 21 312 331 332 313
402 3 2 0 21 313 332 333 314
403 3 2 0 21 314 333 334 315
404 3 2 0 21 315 334 335 316
405 3 2 0 21 316 335 336 317
406 3 2 0 21 317 336 337 318
407 3 2 0 21 318 337 338 319
408 3 2 0 21 319 338 339 320
409 3 2 0 21 320 339 340 321
410 3 2 0 21 321 340 341 322
411 3 2 0 21 322 341 342 323
412 3 2 0 21 323 342 343 324
413 3 2 0 21 324 343 344 325
414 3 2 0 21 325 344 57 56
415 3 2 0 21 21 3 86 326
416 3 2 0 21 326 86 87 327
417 3 2 0 21 327 87 88 328
418 3 2 0 21 328 88 89 329
419 3 2 0 21 329 89 90 330
420 3 2 0 21 330 90 91 331
421 3 2 0 21 331 91 92 332
422 3 2 0 21 332 92 93 333
423 3 2 0 21 333 93 94 334
424 3 2 0 21 334 94 95 335
425 3 2 0 21 335 95 96 336
426 3 2 0 21 336 96 97 337
427 3 2 0 21 337 97 98 338
428 3 2 0 21 338 98 99 339
429 3 2 0 21 339 99 100 340
430 3 2 0 21 340 100 101 341
431 3 2 0 21 341 101 102 342
432 3 2 0 21 342 102 103 343
433 3 2 0 21 343 103 104 344
434 3 2 0 21 344 104 11 57
435 3 2 0 25 3 22 345 86
436 3 2 0 25 86 345 346 87
437 3 2 0 25 87 346 347 88
438 3 2 0 25 88 347 348 89
439 3 2 0 25 89 348 349 90
440 3 2 0 25 90 349 350 91
441 3 2 0 25 91 350 351 92
442 3 2 0 25 92 351 352 93
443 3 2 0 25 93 352 353 94
444 3 2 0 25 94 353 354 95
445 3 2 0 25 95 354 355 96
446 3 2 0 25 96 355 356 97
447 3 2 0 25 97 356 357 98
448 3 2 0 25 98 357 358 99
449 3 2 0 25 99 358 359 100
450 3 2 0 25 100 359 360 101
451 3 2 0 25 101 360 361 102
452 3 2 0 25 102 361 362 103
453 3 2 0 25 103 362 363 104
454 3 2 0 25 104 363 58 11
455 3 2 0 25 22 23 364 345
456 3 2 0 25 345 364 365 346
457 3 2 0 25 346 365 366 347
458 3 2 0 25 347 366 367 348
459 3 2 0 25 348 367 368 349
460 3 2 0 25 349 368 369 350
461 3 2 0 25 350 369 370 351
462 3 2 0 25 351 370 371 352
463 3 2 0 25 352 371 372 353
464 3 2 0 25 353 372 373 354
465 3 2 0 25 354 373 374 355
466 3 2 0 25 355 374 375 356
467 3 2 0 25 356 375 376 357
468 3 2 0 25 357 376 377 358
469 3 2 0 25 358 377 378 359
470 3 2 0 25 359 378 379 360
471 3 2 0 25 360 379 380 361
472 3 2 0 25 361 380 381 362
473 3 2 0 25 362 381 382 363
474 3 2 0 25 363 382 59 58
475 3 2 0 25 23 24 383 364
476 3 2 0 25 364 383 384 365
477 3 2 0 25 365 384 385 366
478 3 2 0 25 366 385 386 367
479 3 2 0 25 367 386 387 368
480 3 2 0 25 368 387 388 369
481 3 2 0 25 369 388 389 370
482 3 2 0 25 370 389 390 371
483 3 2 0 25 371 390 391 372
484 3 2 0 25 372 391 392 373
485 3 2 0 25 373 392 393 374
486 3 2 0 25 374 393 394 375
487 3 2 0 25 375 394 395 376
488 3 2 0 25 376 395 396 377
489 3 2 0 25 377 396 397 378
490 3 2 0 25 378 397 398 379
491 3 2 0 25 379 398 399 380
492 3 2 0 25 380 399 400 381
493 3 2 0 25 381 400 401 382
494 3 2 0 25 382 401 60 59
495 3 2 0 25 24 4 105 383
496 3 2 0 25 383 105 106 384
497 3 2 0 25 384 106 107 385
498 3 2 0 25 385 107 108 386
499 3 2 0 25 386 108 109 387
500 3 2 0 25 387 109 110 388
501 3 2 0 25 388 110 111 389
502 3 2 0 25 389 111 112 390
503 3 2 0 25 390 112 113 391
504 3 2 0 25 391 113 114 392
505 3 2 0 25 392 114 115 393
506 3 2 0 25 393 115 116 394
507 3 2 0 25 394 116 117 395
508 3 2 0 25 395 117 118 396
509 3 2 0 25 396 118 119 397
510 3 2 0 25 397 119 120 398
511 3 2 0 25 398 120 121 399
512 3 2 0 25 399 121 122 400
513 3 2 0 25 400 122 123 401
514 3 2 0 25 401 123 12 60
515 3 2 0 29 4 25 402 105
516 3 2 0 29 105 402 403 106
517 3 2 0 29 106 403 404 107
518 3 2 0 29 107 404 405 108
519 3 2 0 29 108 405 406 109
520 3 2 0 29 109 406 407 110
521 3 2 0 29 110 407 408 111
522 3 2 0 29 111 408 409 112
523 3 2 0 29 112 409 410 113
524 3 2 0 29 113 410 411 114
525 3 2 0 29 114 411 412 115
526 3 2 0 29 115 412 413 116
527 3 2 0 29 116 413 414 117
528 3 2 0 29 117 414 415 118
529 3 2 0 29 118 415 416 119
530 3 2 0 29 119 416 417 120
531 3 2 0 29 120 417 418 121
532 3 2 0 29 121 418 419 122
533 3 2 0 29 122 419 420 123
534 3 2 0 29 123 420 61 12
535 3 2 0 29 25 26 421 402
536 3 2 0 29 402 421 422 403
537 3 2 0 29 403 422 423 404
538 3 2 0 29 404 423 424 405
539 3 2 0 29 405 424 425 406
540 3 2 0 29 406 425 426 407
541 3 2 0 29 407 426 427 408
542 3 2 0 29 408 427 428 409
543 3 2 0 29 409 428 429 410
544 3 2 0 29 410 429 430 411
545 3 2 0 29 411 430 431 412
546 3 2 0 29 412 431 432 413
547 3 2 0 29 413 432 433 414
548 3 2 0 29 414 433 434 415
549 3 2 0 29 415 434 435 416
550 3 2 0 29 416 435 436 417
551 3 2 0 29 417 436 437 418
552 3 2 0 29 418 437 438 419
553 3 2 0 29 419 438 439 420
554 3 2 0 29 420 439 62 61
555 3 2 0 29 26 27 440 421
556 3 2 0 29 421 440 441 422
557 3 2 0 29 422 441 442 423
558 3 2 0 29 423 442 443 424
559 3 2 0 29 424 443 444 425
560 3 2 0 29 425 444 445 426
561 3 2 0 29 426 445 446 427
562 3 2 0 29 427 446 447 428
563 3 2 0 29 428 447 448 429
564 3 2 0 29 429 448 449 430
565 3 2 0 29 430 449 450 431
566 3 2 0 29 431 450 451 432
567 3 2 0 29 432 451 452 433
568 3 2 0 29 433 452 453 434
569 3 2 0 29 434 453 454 435
570 3 2 0 29 435 454 455 436
571 3 2 0 29 436 455 456 437
572 3 2 0 29 437 456 457 438
573 3 2 0 29 438 457 458 439
574 3 2 0 29 439 458 63 62
575 3 2 0 29 27 5 124 440
576 3 2 0 29 440 124 125 441
577 3 2 0 29 441 125 126 442
578 3 2 0 29 442 126 127 443
579 3 2 0 29 443 127 128 444
580 3 2 0 29 444 128 129 445
581 3 2 0 29 445 129 130 446
582 3 2 0 29 446 130 131 447
583 3 2 0 29 447 131 132 448
584 3 2 0 29 448 132 133 449
585 3 2 0 29 449 133 134 450
586 3 2 0 29 450 134 135 451
587 3 2 0 29 451 135 136 452
588 3 2 0 29 452 136 137 453
589 3 2 0 29 453 137 138 454
590 3 2 0 29 454 138 139 455
591 3 2 0 29 455 139 140 456
592 3 2 0 29 456 140 141 457
593 3 2 0 29 457 141 142 458
594 3 2 0 29 458 142 13 63
595 3 2 0 33 5 28 459 124
596 3 2 0 33 124 459 460 125
597 3 2 0 33 125 460 461 126
598 3 2 0 33 126 461 462 127
599 3 2 0 33 127 462 463 128
600 3 2 0 33 128 463 464 129
601 3 2 0 33 129 464 465 130
602 3 2 0 33 130 465 466 131
603 3 2 0 33 131 466 467 132
604 3 2 0 33 132 467 468 133
605 3 2 0 33 133 468 469 134
606 3 2 0 33 134 469 470 135
607 3 2 0 33 135 470 471 136
608 3 2 0 33 136 471 472 137
609 3 2 0 33 137 472 473 138
610 3 2 0 33 138 473 474 139
611 3 2 0 33 139 474 475 140
612 3 2 0 33 140 475 476 141
613 3 2 0 33 141 476 477 142
614 3 2 0 33 142 477 64 13
615 3 2 0 33 28 29 478 459
616 3 2 0 33 459 478 479 460
617 3 2 0 33 460 479 480 461
618 3 2 0 33 461 480 481 462
619 3 2 0 33 462 481 482 463
620 3 2 0 33 463 482 483 464
621 3 2 0 33 464 483 484 465
622 3 2 0 33 465 484 485 466
623 3 2 0 33 466 485 486 467
624 3 2 0 33 467 486 487 468
625 3 2 0 33 468 487 488 469
626 3 2 0 33 469 488 489 470
627 3 2 0 33 470 489 490 471
628 3 2 0 33 471 490 491 472
629 3 2 0 33 472 491 492 473
630 3 2 0 33 473 492 493 474
631 3 2 0 33 474 493 494 475
632 3 2 0 33 475 494 495 476
633 3 2 0 33 476 495 496 477
634 3 2 0 33 477 496 65 64
635 3 2 0 33 29 30 497 478
636 3 2 0 33 478 497 498 479
637 3 2 0 33 479 498 499 480
638 3 2 0 33 480 499 500 481
639 3 2 0 33 481 500 501 482
640 3 2 0 33 482 501 502 483
641 3 2 0 33 483 502 503 484
642 3 2 0 33 484 503 504 485
643 3 2 0 33 485 504 505 486
644 3 2 0 33 486 505 506 487
645 3 2 0 33 487 506 507 488
646 3 2 0 33 488 507 508 489
647 3 2 0 33 489 508 509 490
648 3 2 0 33 490 509 510 491
649 3 2 0 33 491 510 511 492
650 3 2 0 33 492 511 512 493
651 3 2 0 33 493 512 513 494
652 3 2 0 33 494 513 514 495
653 3 2 0 33 495 514 515 496
654 3 2 0 33 496 515 66 65
655 3 2 0 33 30 2 67 497
656 3 2 0 33 497 67 68 498
657 3 2 0 33 498 68 69 499
658 3 2 0 33 499 69 70 500
659 3 2 0 33 500 70 71 501
660 3 2 0 33 501 71 72 502
661 3 2 0 33 502 72 73 503
662 3 2 0 33 503 73 74 504
663 3 2 0 33 504 74 75 505
664 3 2 0 33 505 75 76 506
665 3 2 0 33 506 76 77 507
666 3 2 0 33 507 77 78 508
667 3 2 0 33 508 78 79 509
668 3 2 0 33 509 79 80 510
669 3 2 0 33 510 80 81 511
670 3 2 0 33 511 81 82 512
671 3 2 0 33 512 82 83 513
672 3 2 0 33 513 83 84 514
673 3 2 0 33 514 84 85 515
674 3 2 0 33 515 85 10 66
675 3 2 0 34 10 55 516 66
676 3 2 0 34 66 516 517 65
677 3 2 0 34 65 517 518 64
678 3 2 0 34 64 518 63 13
679 3 2 0 34 55 56 519 516
680 3 2 0 34 516 519 520 517
681 3 2 0 34 517 520 521 518
682 3 2 0 34 518 521 62 63
683 3 2 0 34 56 57 522 519
684 3 2 0 34 519 522 523 520
685 3 2 0 34 520 523 524 521
686 3 2 0 34 521 524 61 62
687 3 2 0 34 57 11 58 522
688 3 2 0 34 522 58 59 523
689 3 2 0 34 523 59 60 524
690 3 2 0 34 524 60 12 61
691 3 2 0 47 3 34 525 86
692 3 2 0 47 86 525 526 87
693 3 2 0 47 87 526 527 88
694 3 2 0 47 88 527 528 89
695 3 2 0 47 89 528 529 90
696 3 2 0 47 90 529 530 91
697 3 2 0 47 91 530 531 92
698 3 2 0 47 92 531 532 93
699 3 2 0 47 93 532 533 94
700 3 2 0 47 94 533 534 95
701 3 2 0 47 95 534 535 96
702 3 2 0 47 96 535 536 97
703 3 2 0 47 97 536 537 98
704 3 2 0 47 98 537 538 99
705 3 2 0 47 99 538 539 100
706 3 2 0 47 100 539 540 101
707 3 2 0 47 101 540 541 102
708 3 2 0 47 102 541 542 103
709 3 2 0 47 103 542 543 104
710 3 2 0 47 104 543 143 11
711 3 2 0 47 34 35 544 525
712 3 2 0 47 525 544 545 526
713 3 2 0 47 526 545 546 527
714 3 2 0 47 527 546 547 528
715 3 2 0 47 528 547 548 529
716 3 2 0 47 529 548 549 530
717 3 2 0 47 530 549 550 531
718 3 2 0 47 531 550 551 532
719 3 2 0 47 532 551 552 533
720 3 2 0 47 533 552 553 534
721 3 2 0 47 534 553 554 535
722 3 2 0 47 535 554 555 536
723 3 2 0 47 536 555 556 537
724 3 2 0 47 537 556 557 538
725 3 2 0 47 538 557 558 539
726 3 2 0 47 539 558 559 540
727 3 2 0 47 540 559 560 541
728 3 2 0 47 541 560 561 542
729 3 2 0 47 542 561 562 543
730 3 2 0 47 543 562 144 143
731 3 2 0 47 35 36 563 544
732 3 2 0 47 544 563 564 545
733 3 2 0 47 545 564 565 546
734 3 2 0 47 546 565 566 547
735 3 2 0 47 547 566 567 548
736 3 2 0 47 548 567 568 549
737 3 2 0 47 549 568 569 550
738 3 2 0 47 550 569 570 551
739 3 2 0 47 551 570 571 552
740 3 2 0 47 552 571 572 553
741 3 2 0 47 553 572 573 554
742 3 2 0 47 554 573 574 555
743 3 2 0 47 555 574 575 556
744 3 2 0 47 556 575 576 557
745 3 2 0 47 557 576 577 558
746 3 2 0 47 558 577 578 559
747 3 2 0 47 559 578 579 560
748 3 2 0 47 560 579 580 561
749 3 2 0 47 561 580 581 562
750 3 2 0 47 562 581 145 144
751 3 2 0 47 36 7 152 563
752 3 2 0 47 563 152 153 564
753 3 2 0 47 564 153 154 565
754 3 2 0 47 565 154 155 566
755 3 2 0 47 566 155 156 567
756 3 2 0 47 567 156 157 568
757 3 2 0 47 568 157 158 569
758 3 2 0 47 569 158 159 570
759 3 2 0 47 570 159 160 571
760 3 2 0 47 571 160 161 572
761 3 2 0 47 572 161 162 573
762 3 2 0 47 573 162 163 574
763 3 2 0 47 574 163 164 575
764 3 2 0 47 575 164 165 576
765 3 2 0 47 576 165 166 577
766 3 2 0 47 577 166 167 578
767 3 2 0 47 578 167 168 579
768 3 2 0 47 579 168 169 580
769 3 2 0 47 580 169 170 581
770 3 2 0 47 581 170 14 145
771 3 2 0 51 6 171 582 43
772 3 2 0 51 171 172 583 582
773 3 2 0 51 172 173 584 583
774 3 2 0 51 173 174 585 584
775 3 2 0 51 174 175 586 585
776 3 2 0 51 175 176 587 586
777 3 2 0 51 176 177 588 587
778 3 2 0 51 177 178 589 588
779 3 2 0 51 178 179 590 589
780 3 2 0 51 179 180 591 590
781 3 2 0 51 180 181 592 591
782 3 2 0 51 181 182 593 592
783 3 2 0 51 182 183 594 593
784 3 2 0 51 183 184 595 594
785 3 2 0 51 184 185 596 595
786 3 2 0 51 185 186 597 596
787 3 2 0 51 186 187 598 597
788 3 2 0 51 187 188 599 598
789 3 2 0 51 188 189 600 599
790 3 2 0 51 189 16 148 600
791 3 2 0 51 43 582 601 44
792 3 2 0 51 582 583 602 601
793 3 2 0 51 583 584 603 602
794 3 2 0 51 584 585 604 603
795 3 2 0 51 585 586 605 604
796 3 2 0 51 586 587 606 605
797 3 2 0 51 587 588 607 606
798 3 2 0 51 588 589 608 607
799 3 2 0 51 589 590 609 608
800 3 2 0 51 590 591 610 609
801 3 2 0 51 591 592 611 610
802 3 2 0 51 592 593 612 611
803 3 2 0 51 593 594 613 612
804 3 2 0 51 594 595 614 613
805 3 2 0 51 595 596 615 614
806 3 2 0 51 596 597 616 615
807 3 2 0 51 597 598 617 616
808 3 2 0 51 598 599 618 617
809 3 2 0 51 599 600 619 618
810 3 2 0 51 600 148 147 619
811 3 2 0 51 44 601 620 45
812 3 2 0 51 601 602 621 620
813 3 2 0 51 602 603 622 621
814 3 2 0 51 603 604 623 622
815 3 2 0 51 604 605 624 623
816 3 2 0 51 605 606 625 624
817 3 2 0 51 606 607 626 625
818 3 2 0 51 607 608 627 626
819 3 2 0 51 608 609 628 627
820 3 2 0 51 609 610 629 628
821 3 2 0 51 610 611 630 629
822 3 2 0 51 611 612 631 630
823 3 2 0 51 612 613 632 631
824 3 2 0 51 613 614 633 632
825 3 2 0 51 614 615 634 633
826 3 2 0 51 615 616 635 634
827 3 2 0 51 616 617 636 635
828 3 2 0 51 617 618 637 636
829 3 2 0 51 618 619 638 637
830 3 2 0 51 619 147 146 638
831 3 2 0 51 45 620 152 7
832 3 2 0 51 620 621 153 152
833 3 2 0 51 621 622 154 153
834 3 2 0 51 622 623 155 154
835 3 2 0 51 623 624 156 155
836 3 2 0 51 624 625 157 156
837 3 2 0 51 625 626 158 157
838 3 2 0 51 626 627 159 158
839 3 2 0 51 627 628 160 159
840 3 2 0 51 628 629 161 160
841 3 2 0 51 629 630 162 161
842 3 2 0 51 630 631 163 162
843 3 2 0 51 631 632 164 163
844 3 2 0 51 632 633 165 164
845 3 2 0 51 633 634 166 165
846 3 2 0 51 634 635 167 166
847 3 2 0 51 635 636 168 167
848 3 2 0 51 636 637 169 168
849 3 2 0 51 637 638 170 169
850 3 2 0 51 638 146 14 170
851 3 2 0 55 2 67 639 31
852 3 2 0 55 67 68 640 639
853 3 2 0 55 68 69 641 640
854 3 2 0 55 69 70 642 641
855 3 2 0 55 70 71 643 642
856 3 2 0 55 71 72 644 643
857 3 2 0 55 72 73 645 644
858 3 2 0 55 73 74 646 645
859 3 2 0 55 74 75 647 646
860 3 2 0 55 75 76 648 647
861 3 2 0 55 76 77 649 648
862 3 2 0 55 77 78 650 649
863 3 2 0 55 78 79 651 650
864 3 2 0 55 79 80 652 651
865 3 2 0 55 80 81 653 652
866 3 2 0 55 81 82 654 653
867 3 2 0 55 82 83 655 654
868 3 2 0 55 83 84 656 655
869 3 2 0 55 84 85 657 656
870 3 2 0 55 85 10 151 657
871 3 2 0 55 31 639 658 32
872 3 2 0 55 639 640 659 658
873 3 2 0 55 640 641 660 659
874 3 2 0 55 641 642 661 660
875 3 2 0 55 642 643 662 661
876 3 2 0 55 643 644 663 662
877 3 2 0 55 644 645 664 663
878 3 2 0 55 645 646 665 664
879 3 2 0 55 646 647 666 665
880 3 2 0 55 647 648 667 666
881 3 2 0 55 648 649 668 667
882 3 2 0 55 649 650 669 668
883 3 2 0 55 650 651 670 669
884 3 2 0 55 651 652 671 670
885 3 2 0 55 652 653 672 671
886 3 2 0 55 653 654 673 672
887 3 2 0 55 654 655 674 673
888 3 2 0 55 655 656 675 674
889 3 2 0 55 656 657 676 675
890 3 2 0 55 657 151 150 676
891 3 2 0 55 32 658 677 33
892 3 2 0 55 658 659 678 677
893 3 2 0 55 659 660 679 678
894 3 2 0 55 660 661 680 679
895 3 2 0 55 661 662 681 680
896 3 2 0 55 662 663 682 681
897 3 2 0 55 663 664 683 682
898 3 2 0 55 664 665 684 683
899 3 2 0 55 665 666 685 684
900 3 2 0 55 666 667 686 685
901 3 2 0 55 667 668 687 686
902 3 2 0 55 668 669 688 687
903 3 2 0 55 669 670 689 688
904 3 2 0 55 670 671 690 689
905 3 2 0 55 671 672 691 690
906 3 2 0 55 672 673 692 691
907 3 2 0 55 673 674 693 692
908 3 2 0 55 674 675 694 693
909 3 2 0 55 675 676 695 694
910 3 2 0 55 676 150 149 695
911 3 2 0 55 33 677 171 6
912 3 2 0 55 677 678 172 171
913 3 2 0 55 678 679 173 172
914 3 2 0 55 679 680 174 173
915 3 2 0 55 680 681 175 174
916 3 2 0 55 681 682 176 175
917 3 2 0 55 682 683 177 176
918 3 2 0 55 683 684 178 177
919 3 2 0 55 684 685 179 178
920 3 2 0 55 685 686 180 179
921 3 2 0 55 686 687 181 180
922 3 2 0 55 687 688 182 181
923 3 2 0 55 688 689 183 182
924 3 2 0 55 689 690 184 183
925 3 2 0 55 690 691 185 184
926 3 2 0 55 691 692 186 185
927 3 2 0 55 692 693 187 186
928 3 2 0 55 693 694 188 187
929 3 2 0 55 694 695 189 188
930 3 2 0 55 695 149 16 189
931 3 2 0 56 10 55 696 151
932 3 2 0 56 151 696 697 150
933 3 2 0 56 150 697 698 149
934 3 2 0 56 149 698 148 16
935 3 2 0 56 55 56 699 696
936 3 2 0 56 696 699 700 697
937 3 2 0 56 697 700 701 698
938 3 2 0 56 698 701 147 148
939 3 2 0 56 56 57 702 699
940 3 2 0 56 699 702 703 700
941 3 2 0 56 700 703 704 701
942 3 2 0 56 701 704 146 147
943 3 2 0 56 57 11 143 702
944 3 2 0 56 702 143 144 703
945 3 2 0 56 703 144 145 704
946 3 2 0 56 704 145 14 146
947 3 2 0 69 4 37 705 105
948 3 2 0 69 105 705 706 106
949 3 2 0 69 106 706 707 107
950 3 2 0 69 107 707 708 108
951 3 2 0 69 108 708 709 109
952 3 2 0 69 109 709 710 110
953 3 2 0 69 110 710 711 111
954 3 2 0 69 111 711 712 112
955 3 2 0 69 112 712 713 113
956 3 2 0 69 113 713 714 114
957 3 2 0 69 114 714 715 115
958 3 2 0 69 115 715 716 116
959 3 2 0 69 116 716 717 117
960 3 2 0 69 117 717 718 118
961 3 2 0 69 118 718 719 119
962 3 2 0 69 119 719 720 120
963 3 2 0 69 120 720 721 121
964 3 2 0 69 121 721 722 122
965 3 2 0 69 122 722 723 123
966 3 2 0 69 123 723 190 12
967 3 2 0 69 37 38 724 705
968 3 2 0 69 705 724 725 706
969 3 2 0 69 706 725 726 707
970 3 2 0 69 707 726 727 708
971 3 2 0 69 708 727 728 709
972 3 2 0 69 709 728 729 710
973 3 2 0 69 710 729 730 711
974 3 2 0 69 711 730 731 712
975 3 2 0 69 712 731 732 713
976 3 2 0 69 713 732 733 714
977 3 2 0 69 714 733 734 715
978 3 2 0 69 715 734 735 716
979 3 2 0 69 716 735 736 717
980 3 2 0 69 717 736 737 718
981 3 2 0 69 718 737 738 719
982 3 2 0 69 719 738 739 720
983 3 2 0 69 720 739 740 721
984 3 2 0 69 721 740 741 722
985 3 2 0 69 722 741 742 723
986 3 2 0 69 723 742 191 190
987 3 2 0 69 38 39 743 724
988 3 2 0 69 724 743 744 725
989 3 2 0 69 725 744 745 726
990 3 2 0 69 726 745 746 727
991 3 2 0 69 727 746 747 728
992 3 2 0 69 728 747 748 729
993 3 2 0 69 729 748 749 730
994 3 2 0 69 730 749 750 731
995 3 2 0 69 731 750 751 732
996 3 2 0 69 732 751 752 733
997 3 2 0 69 733 752 753 734
998 3 2 0 69 734 753 754 735
999 3 2 0 69 735 754 755 736
1000 3 2 0 69 736 755 756 737
1001 3 2 0 69 737 756 757 738
1002 3 2 0 69 738 757 758 739
1003 3 2 0 69 739 758 759 740
1004 3 2 0 69 740 759 760 741
1005 3 2 0 69 741 760 761 742
1006 3 2 0 69 742 761 192 191
1007 3 2 0 69 39 8 196 743
1008 3 2 0 69 743 196 197 744
1009 3 2 0 69 744 197 198 745
1010 3 2 0 69 745 198 199 746
1011 3 2 0 69 746 199 200 747
1012 3 2 0 69 747 200 201 748
1013 3 2 0 69 748 201 202 749
1014 3 2 0 69 749 202 203 750
1015 3 2 0 69 750 203 204 751
1016 3 2 0 69 751 204 205 752
1017 3 2 0 69 752 205 206 753
1018 3 2 0 69 753 206 207 754
1019 3 2 0 69 754 207 208 755
1020 3 2 0 69 755 208 209 756
1021 3 2 0 69 756 209 210 757
1022 3 2 0 69 757 210 211 758
1023 3 2 0 69 758 211 212 759
1024 3 2 0 69 759 212 213 760
1025 3 2 0 69 760 213 214 761
1026 3 2 0 69 761 214 17 192
1027 3 2 0 73 7 152 762 46
1028 3 2 0 73 152 153 763 762
1029 3 2 0 73 153 154 764 763
1030 3 2 0 73 154 155 765 764
1031 3 2 0 73 155 156 766 765
1032 3 2 0 73 156 157 767 766
1033 3 2 0 73 157 158 768 767
1034 3 2 0 73 158 159 769 768
1035 3 2 0 73 159 160 770 769
1036 3 2 0 73 160 161 771 770
1037 3 2 0 73 161 162 772 771
1038 3 2 0 73 162 163 773 772
1039 3 2 0 73 163 164 774 773
1040 3 2 0 73 164 165 775 774
1041 3 2 0 73 165 166 776 775
1042 3 2 0 73 166 167 777 776
1043 3 2 0 73 167 168 778 777
1044 3 2 0 73 168 169 779 778
1045 3 2 0 73 169 170 780 779
1046 3 2 0 73 170 14 195 780
1047 3 2 0 73 46 762 781 47
1048 3 2 0 73 762 763 782 781
1049 3 2 0 73 763 764 783 782
1050 3 2 0 73 764 765 784 783
1051 3 2 0 73 765 766 785 784
1052 3 2 0 73 766 767 786 785
1053 3 2 0 73 767 768 787 786
1054 3 2 0 73 768 769 788 787
1055 3 2 0 73 769 770 789 788
1056 3 2 0 73 770 771 790 789
1057 3 2 0 73 771 772 791 790
1058 3 2 0 73 772 773 792 791
1059 3 2 0 73 773 774 793 792
1060 3 2 0 73 774 775 794 793
1061 3 2 0 73 775 776 795 794
1062 3 2 0 73 776 777 796 795
1063 3 2 0 73 777 778 797 796
1064 3 2 0 73 778 779 798 797
1065 3 2 0 73 779 780 799 798
1066 3 2 0 73 780 195 194 799
1067 3 2 0 73 47 781 800 48
1068 3 2 0 73 781 782 801 800
1069 3 2 0 73 782 783 802 801
1070 3 2 0 73 783 784 803 802
1071 3 2 0 73 784 785 804 803
1072 3 2 0 73 785 786 805 804
1073 3 2 0 73 786 787 806 805
1074 3 2 0 73 787 788 807 806
1075 3 2 0 73 788 789 808 807
1076 3 2 0 73 789 790 809 808
1077 3 2 0 73 790 791 810 809
1078 3 2 0 73 791 792 811 810
1079 3 2 0 73 792 793 812 811
1080 3 2 0 73 793 794 813 812
1081 3 2 0 73 794 795 814 813
1082 3 2 0 73 795 796 815 814
1083 3 2 0 73 796 797 816 815
1084 3 2 0 73 797 798 817 816
1085 3 2 0 73 798 799 818 817
1086 3 2 0 73 799 194 193 818
1087 3 2 0 73 48 800 196 8
1088 3 2 0 73 800 801 197 196
1089 3 2 0 73 801 802 198 197
1090 3 2 0 73 802 803 199 198
1091 3 2 0 73 803 804 200 199
1092 3 2 0 73 804 805 201 200
1093 3 2 0 73 805 806 202 201
1094 3 2 0 73 806 807 203 202
1095 3 2 0 73 807 808 204 203
1096 3 2 0 73 808 809 205 204
1097 3 2 0 73 809 810 206 205
1098 3 2 0 73 810 811 207 206
1099 3 2 0 73 811 812 208 207
1100 3 2 0 73 812 813 209 208
1101 3 2 0 73 813 814 210 209
1102 3 2 0 73 814 815 211 210
1103 3 2 0 73 815 816 212 211
1104 3 2 0 73 816 817 213 212
1105 3 2 0 73 817 818 214 213
1106 3 2 0 73 818 193 17 214
1107 3 2 0 78 11 58 819 143
1108 3 2 0 78 143 819 820 144
1109 3 2 0 78 144 820 821 145
1110 3 2 0 78 145 821 195 14
1111 3 2 0 78 58 59 822 819
1112 3 2 0 78 819 822 823 820
1113 3 2 0 78 820 823 824 821
1114 3 2 0 78 821 824 194 195
1115 3 2 0 78 59 60 825 822
1116 3 2 0 78 822 825 826 823
1117 3 2 0 78 823 826 827 824
1118 3 2 0 78 824 827 193 194
1119 3 2 0 78 60 12 190 825
1120 3 2 0 78 825 190 191 826
1121 3 2 0 78 826 191 192 827
1122 3 2 0 78 827 192 17 193
1123 3 2 0 91 5 40 828 124
1124 3 2 0 91 124 828 829 125
1125 3 2 0 91 125 829 830 126
1126 3 2 0 91 126 830 831 127
1127 3 2 0 91 127 831 832 128
1128 3 2 0 91 128 832 833 129
1129 3 2 0 91 129 833 834 130
1130 3 2 0 91 130 834 835 131
1131 3 2 0 91 131 835 836 132
1132 3 2 0 91 132 836 837 133
1133 3 2 0 91 133 837 838 134
1134 3 2 0 91 134 838 839 135
1135 3 2 0 91 135 839 840 136
1136 3 2 0 91 136 840 841 137
1137 3 2 0 91 137 841 842 138
1138 3 2 0 91 138 842 843 139
1139 3 2 0 91 139 843 844 140
1140 3 2 0 91 140 844 845 141
1141 3 2 0 91 141 845 846 142
1142 3 2 0 91 142 846 215 13
1143 3 2 0 91 40 41 847 828
1144 3 2 0 91 828 847 848 829
1145 3 2 0 91 829 848 849 830
1146 3 2 0 91 830 849 850 831
1147 3 2 0 91 831 850 851 832
1148 3 2 0 91 832 851 852 833
1149 3 2 0 91 833 852 853 834
1150 3 2 0 91 834 853 854 835
1151 3 2 0 91 835 854 855 836
1152 3 2 0 91 836 855 856 837
1153 3 2 0 91 837 856 857 838
1154 3 2 0 91 838 857 858 839
1155 3 2 0 91 839 858 859 840
1156 3 2 0 91 840 859 860 841
1157 3 2 0 91 841 860 861 842
1158 3 2 0 91 842 861 862 843
1159 3 2 0 91 843 862 863 844
1160 3 2 0 91 844 863 864 845
1161 3 2 0 91 845 864 865 846
1162 3 2 0 91 846 865 216 215
1163 3 2 0 91 41 42 866 847
1164 3 2 0 91 847 866 867 848
1165 3 2 0 91 848 867 868 849
1166 3 2 0 91 849 868 869 850
1167 3 2 0 91 850 869 870 851
1168 3 2 0 91 851 870 871 852
1169 3 2 0 91 852 871 872 853
1170 3 2 0 91 853 872 873 854
1171 3 2 0 91 854 873 874 855
1172 3 2 0 91 855 874 875 856
1173 3 2 0 91 856 875 876 857
1174 3 2 0 91 857 876 877 858
1175 3 2 0 91 858 877 878 859
1176 3 2 0 91 859 878 879 860
1177 3 2 0 91 860 879 880 861
1178 3 2 0 91 861 880 881 862
1179 3 2 0 91 862 881 882 863
1180 3 2 0 91 863 882 883 864
1181 3 2 0 91 864 883 884 865
1182 3 2 0 91 865 884 217 216
1183 3 2 0 91 42 9 221 866
1184 3 2 0 91 866 221 222 867
1185 3 2 0 91 867 222 223 868
1186 3 2 0 91 868 223 224 869
1187 3 2 0 91 869 224 225 870
1188 3 2 0 91 870 225 226 871
1189 3 2 0 91 871 226 227 872
1190 3 2 0 91 872 227 228 873
1191 3 2 0 91 873 228 229 874
1192 3 2 0 91 874 229 230 875
1193 3 2 0 91 875 230 231 876
1194 3 2 0 91 876 231 232 877
1195 3 2 0 91 877 232 233 878
1196 3 2 0 91 878 233 234 879
1197 3 2 0 91 879 234 235 880
1198 3 2 0 91 880 235 236 881
1199 3 2 0 91 881 236 237 882
1200 3 2 0 91 882 237 238 883
1201 3 2 0 91 883 238 239 884
1202 3 2 0 91 884 239 18 217
1203 3 2 0 95 8 196 885 49
1204 3 2 0 95 196 197 886 885
1205 3 2 0 95 197 198 887 886
1206 3 2 0 95 198 199 888 887
1207 3 2 0 95 199 200 889 888
1208 3 2 0 95 200 201 890 889
1209 3 2 0 95 201 202 891 890
1210 3 2 0 95 202 203 892 891
1211 3 2 0 95 203 204 893 892
1212 3 2 0 95 204 205 894 893
1213 3 2 0 95 205 206 895 894
1214 3 2 0 95 206 207 896 895
1215 3 2 0 95 207 208 897 896
1216 3 2 0 95 208 209 898 897
1217 3 2 0 95 209 210 899 898
1218 3 2 0 95 210 211 900 899
1219 3 2 0 95 211 212 901 900
1220 3 2 0 95 212 213 902 901
1221 3 2 0 95 213 214 903 902
1222 3 2 0 95 214 17 220 903
1223 3 2 0 95 49 885 904 50
1224 3 2 0 95 885 886 905 904
1225 3 2 0 95 886 887 906 905
1226 3 2 0 95 887 888 907 906
1227 3 2 0 95 888 889 908 907
1228 3 2 0 95 889 890 909 908
1229 3 2 0 95 890 891 910 909
1230 3 2 0 95 891 892 911 910
1231 3 2 0 95 892 893 912 911
1232 3 2 0 95 893 894 913 912
1233 3 2 0 95 894 895 914 913
1234 3 2 0 95 895 896 915 914
1235 3 2 0 95 896 897 916 915
1236 3 2 0 95 897 898 917 916
1237 3 2 0 95 898 899 918 917
1238 3 2 0 95 899 900 919 918
1239 3 2 0 95 900 901 920 919
1240 3 2 0 95 901 902 921 920
1241 3 2 0 95 902 903 922 921
1242 3 2 0 95 903 220 219 922
1243 3 2 0 95 50 904 923 51
1244 3 2 0 95 904 905 924 923
1245 3 2 0 95 905 906 925 924
1246 3 2 0 95 906 907 926 925
1247 3 2 0 95 907 908 927 926
1248 3 2 0 95 908 909 928 927
1249 3 2 0 95 909 910 929 928
1250 3 2 0 95 910 911 930 929
1251 3 2 0 95 911 912 931 930
1252 3 2 0 95 912 913 932 931
1253 3 2 0 95 913 914 933 932
1254 3 2 0 95 914 915 934 933
1255 3 2 0 95 915 916 935 934
1256 3 2 0 95 916 917 936 935
1257 3 2 0 95 917 918 937 936
1258 3 2 0 95 918 919 938 937
1259 3 2 0 95 919 920 939 938
1260 3 2 0 95 920 921 940 939
1261 3 2 0 95 921 922 941 940
1262 3 2 0 95 922 219 218 941
1263 3 2 0 95 51 923 221 9
1264 3 2 0 95 923 924 222 221
1265 3 2 0 95 924 925 223 222
1266 3 2 0 95 925 926 224 223
1267 3 2 0 95 926 927 225 224
1268 3 2 0 95 927 928 226 225
1269 3 2 0 95 928 929 227 226
1270 3 2 0 95 929 930 228 227
1271 3 2 0 95 930 931 229 228
1272 3 2 0 95 931 932 230 229
1273 3 2 0 95 932 933 231 230
1274 3 2 0 95 933 934 232 231
1275 3 2 0 95 934 935 233 232
1276 3 2 0 95 935 936 234 233
1277 3 2 0 95 936 937 235 234
1278 3 2 0 95 937 938 236 235
1279 3 2 0 95 938 939 237 236
1280 3 2 0 95 939 940 238 237
1281 3 2 0 95 940 941 239 238
1282 3 2 0 95 941 218 18 239
1283 3 2 0 100 12 61 942 190
1284 3 2 0 100 190 942 943 191
1285 3 2 0 100 191 943 944 192
1286 3 2 0 100 192 944 220 17
1287 3 2 0 100 61 62 945 942
1288 3 2 0 100 942 945 946 943
1289 3 2 0 100 943 946 947 944
1290 3 2 0 100 944 947 219 220
1291 3 2 0 100 62 63 948 945
1292 3 2 0 100 945 948 949 946
1293 3 2 0 100 946 949 950 947
1294 3 2 0 100 947 950 218 219
1295 3 2 0 100 63 13 215 948
1296 3 2 0 100 948 215 216 949
1297 3 2 0 100 949 216 217 950
1298 3 2 0 100 950 217 18 218
1299 3 2 0 117 9 221 951 52
1300 3 2 0 117 221 222 952 951
1301 3 2 0 117 222 223 953 952
1302 3 2 0 117 223 224 954 953
1303 3 2 0 117 224 225 955 954
1304 3 2 0 117 225 226 956 955
1305 3 2 0 117 226 227 957 956
1306 3 2 0 117 227 228 958 957
1307 3 2 0 117 228 229 959 958
1308 3 2 0 117 229 230 960 959
1309 3 2 0 117 230 231 961 960
1310 3 2 0 117 231 232 962 961
1311 3 2 0 117 232 233 963 962
1312 3 2 0 117 233 234 964 963
1313 3 2 0 117 234 235 965 964
1314 3 2 0 117 235 236 966 965
1315 3 2 0 117 236 237 967 966
1316 3 2 0 117 237 238 968 967
1317 3 2 0 117 238 239 969 968
1318 3 2 0 117 239 18 242 969
1319 3 2 0 117 52 951 970 53
1320 3 2 0 117 951 952 971 970
1321 3 2 0 117 952 953 972 971
1322 3 2 0 117 953 954 973 972
1323 3 2 0 117 954 955 974 973
1324 3 2 0 117 955 956 975 974
1325 3 2 0 117 956 957 976 975
1326 3 2 0 117 957 958 977 976
1327 3 2 0 117 958 959 978 977
1328 3 2 0 117 959 960 979 978
1329 3 2 0 117 960 961 980 979
1330 3 2 0 117 961 962 981 980
1331 3 2 0 117 962 963 982 981
1332 3 2 0 117 963 964 983 982
1333 3 2 0 117 964 965 984 983
1334 3 2 0 117 965 966 985 984
1335 3 2 0 117 966 967 986 985
1336 3 2 0 117 967 968 987 986
1337 3 2 0 117 968 969 988 987
1338 3 2 0 117 969 242 241 988
1339 3 2 0 117 53 970 989 54
1340 3 2 0 117 970 971 990 989
1341 3 2 0 117 971 972 991 990
1342 3 2 0 117 972 973 992 991
1343 3 2 0 117 973 974 993 992
1344 3 2 0 117 974 975 994 993
1345 3 2 0 117 975 976 995 994
1346 3 2 0 117 976 977 996 995
1347 3 2 0 117 977 978 997 996
1348 3 2 0 117 978 979 998 997
1349 3 2 0 117 979 980 999 998
1350 3 2 0 117 980 981 1000 999
1351 3 2 0 117 981 982 1001 1000
1352 3 2 0 117 982 983 1002 1001
1353 3 2 0 117 983 984 1003 1002
1354 3 2 0 117 984 985 1004 1003
1355 3 2 0 117 985 986 1005 1004
1356 3 2 0 117 986 987 1006 1005
1357 3 2 0 117 987 988 1007 1006
1358 3 2 0 117 988 241 240 1007
1359 3 2 0 117 54 989 171 6
1360 3 2 0 117 989 990 172 171
1361 3 2 0 117 990 991 173 172
1362 3 2 0 117 991 992 174 173
1363 3 2 0 117 992 993 175 174
1364 3 2 0 117 993 994 176 175
1365 3 2 0 117 994 995 177 176
1366 3 2 0 117 995 996 178 177
1367 3 2 0 117 996 997 179 178
1368 3 2 0 117 997 998 180 179
1369 3 2 0 117 998 999 181 180
1370 3 2 0 117 999 1000 182 181
1371 3 2 0 117 1000 1001 183 182
1372 3 2 0 117 1001 1002 184 183
1373 3 2 0 117 1002 1003 185 184
1374 3 2 0 117 1003 1004 186 185
1375 3 2 0 117 1004 1005 187 186
1376 3 2 0 117 1005 1006 188 187
1377 3 2 0 117 1006 1007 189 188
1378 3 2 0 117 1007 240 16 189
1379 3 2 0 122 13 64 1008 215
1380 3 2 0 122 215 1008 1009 216
1381 3 2 0 122 216 1009 1010 217
1382 3 2 0 122 217 1010 242 18
1383 3 2 0 122 64 65 1011 1008
1384 3 2 0 122 1008 1011 1012 1009
1385 3 2 0 122 1009 1012 1013 1010
1386 3 2 0 122 1010 1013 241 242
1387 3 2 0 122 65 66 1014 1011
1388 3 2 0 122 1011 1014 1015 1012
1389 3 2 0 122 1012 1015 1016 1013
1390 3 2 0 122 1013 1016 240 241
1391 3 2 0 122 66 10 151 1014
1392 3 2 0 122 1014 151 150 1015
1393 3 2 0 122 1015 150 149 1016
1394 3 2 0 122 1016 149 16 240
1395 5 2 0 1 243 19 2 30 1017 288 67 497
1396 5 2 0 1 1017 288 67 497 1018 289 68 498
1397 5 2 0 1 1018 289 68 498 1019 290 69 499
1398 5 2 0 1 1019 290 69 499 1020 291 70 500
1399 5 2 0 1 1020 291 70 500 1021 292 71 501
1400 5 2 0 1 1021 292 71 501 1022 293 72 502
1401 5 2 0 1 1022 293 72 502 1023 294 73 503
1402 5 2 0 1 1023 294 73 503 1024 295 74 504
1403 5 2 0 1 1024 295 74 504 1025 296 75 505
1404 5 2 0 1 1025 296 75 505 1026 297 76 506
1405 5 2 0 1 1026 297 76 506 1027 298 77 507
1406 5 2 0 1 1027 298 77 507 1028 299 78 508
1407 5 2 0 1 1028 299 78 508 1029 300 79 509
1408 5 2 0 1 1029 300 79 509 1030 301 80 510
1409 5 2 0 1 1030 301 80 510 1031 302 81 511
1410 5 2 0 1 1031 302 81 511 1032 303 82 512
1411 5 2 0 1 1032 303 82 512 1033 304 83 513
1412 5 2 0 1 1033 304 83 513 1034 305 84 514
1413 5 2 0 1 1034 305 84 514 1035 306 85 515
1414 5 2 0 1 1035 306 85 515 516 55 10 66
1415 5 2 0 1 244 243 30 29 1036 1017 497 478
1416 5 2 0 1 1036 1017 497 478 1037 1018 498 479
1417 5 2 0 1 1037 1018 498 479 1038 1019 499 480
1418 5 2 0 1 1038 1019 499 480 1039 1020 500 481
1419 5 2 0 1 1039 1020 500 481 1040 1021 501 482
1420 5 2 0 1 1040 1021 501 482 1041 1022 502 483
1421 5 2 0 1 1041 1022 502 483 1042 1023 503 484
1422 5 2 0 1 1042 1023 503 484 1043 1024 504 485
1423 5 2 0 1 1043 1024 504 485 1044 1025 505 486
1424 5 2 0 1 1044 1025 505 486 1045 1026 506 487
1425 5 2 0 1 1045 1026 506 487 1046 1027 507 488
1426 5 2 0 1 1046 1027 507 488 1047 1028 508 489
1427 5 2 0 1 1047 1028 508 489 1048 1029 509 490
1428 5 2 0 1 1048 1029 509 490 1049 1030 510 491
1429 5 2 0 1 1049 1030 510 491 1050 1031 511 492
1430 5 2 0 1 1050 1031 511 492 1051 1032 512 493
1431 5 2 0 1 1051 1032 512 493 1052 1033 513 494
1432 5 2 0 1 1052 1033 513 494 1053 1034 514 495
1433 5 2 0 1 1053 1034 514 495 1054 1035 515 496
1434 5 2 0 1 1054 1035 515 496 517 516 66 65
1435 5 2 0 1 245 244 29 28 1055 1036 478 459
1436 5 2 0 1 1055 1036 478 459 1056 1037 479 460
1437 5 2 0 1 1056 1037 479 460 1057 1038 480 461
1438 5 2 0 1 1057 1038 480 461 1058 1039 481 462
1439 5 2 0 1 1058 1039 481 462 1059 1040 482 463
1440 5 2 0 1 1059 1040 482 463 1060 1041 483 464
1441 5 2 0 1 1060 1041 483 464 1061 1042 484 465
1442 5 2 0 1 1061 1042 484 465 1062 1043 485 466
1443 5 2 0 1 1062 1043 485 466 1063 1044 486 467
1444 5 2 0 1 1063 1044 486 467 1064 1045 487 468
1445 5 2 0 1 1064 1045 487 468 1065 1046 488 469
1446 5 2 0 1 1065 1046 488 469 1066 1047 489 470
1447 5 2 0 1 1066 1047 489 470 1067 1048 490 471
1448 5 2 0 1 1067 1048 490 471 1068 1049 491 472
1449 5 2 0 1 1068 1049 491 472 1069 1050 492 473
1450 5 2 0 1 1069 1050 492 473 1070 1051 493 474
1451 5 2 0 1 1070 1051 493 474 1071 1052 494 475
1452 5 2 0 1 1071 1052 494 475 1072 1053 495 476
1453 5 2 0 1 1072 1053 495 476 1073 1054 496 477
1454 5 2 0 1 1073 1054 496 477 518 517 65 64
1455 5 2 0 1 27 245 28 5 440 1055 459 124
1456 5 2 0 1 440 1055 459 124 441 1056 460 125
1457 5 2 0 1 441 1056 460 125 442 1057 461 126
1458 5 2 0 1 442 1057 461 126 443 1058 462 127
1459 5 2 0 1 443 1058 462 127 444 1059 463 128
1460 5 2 0 1 444 1059 463 128 445 1060 464 129
1461 5 2 0 1 445 1060 464 129 446 1061 465 130
1462 5 2 0 1 446 1061 465 130 447 1062 466 131
1463 5 2 0 1 447 1062 466 131 448 1063 467 132
1464 5 2 0 1 448 1063 467 132 449 1064 468 133
1465 5 2 0 1 449 1064 468 133 450 1065 469 134
1466 5 2 0 1 450 1065 469 134 451 1066 470 135
1467 5 2 0 1 451 1066 470 135 452 1067 471 136
1468 5 2 0 1 452 1067 471 136 453 1068 472 137
1469 5 2 0 1 453 1068 472 137 454 1069 473 138
1470 5 2 0 1 454 1069 473 138 455 1070 474 139
1471 5 2 0 1 455 1070 474 139 456 1071 475 140
1472 5 2 0 1 456 1071 475 140 457 1072 476 141
1473 5 2 0 1 457 1072 476 141 458 1073 477 142
1474 5 2 0 1 458 1073 477 142 63 518 64 13
1475 5 2 0 1 246 20 19 243 1074 307 288 1017
1476 5 2 0 1 1074 307 288 1017 1075 308 289 1018
1477 5 2 0 1 1075 308 289 1018 1076 309 290 1019
1478 5 2 0 1 1076 309 290 1019 1077 310 291 1020
1479 5 2 0 1 1077 310 291 1020 1078 311 292 1021
1480 5 2 0 1 1078 311 292 1021 1079 312 293 1022
1481 5 2 0 1 1079 312 293 1022 1080 313 294 1023
1482 5 2 0 1 1080 313 294 1023 1081 314 295 1024
1483 5 2 0 1 1081 314 295 1024 1082 315 296 1025
1484 5 2 0 1 1082 315 296 1025 1083 316 297 1026
1485 5 2 0 1 1083 316 297 1026 1084 317 298 1027
1486 5 2 0 1 1084 317 298 1027 1085 318 299 1028
1487 5 2 0 1 1085 318 299 1028 1086 319 300 1029
1488 5 2 0 1 1086 319 300 1029 1087 320 301 1030
1489 5 2 0 1 1087 320 301 1030 1088 321 302 1031
1490 5 2 0 1 1088 321 302 1031 1089 322 303 1032
1491 5 2 0 1 1089 322 303 1032 1090 323 304 1033
1492 5 2 0 1 1090 323 304 1033 1091 324 305 1034
1493 5 2 0 1 1091 324 305 1034 1092 325 306 1035
1494 5 2 0 1 1092 325 306 1035 519 56 55 516
1495 5 2 0 1 247 246 243 244 1093 1074 1017 1036
1496 5 2 0 1 1093 1074 1017 1036 1094 1075 1018 1037
1497 5 2 0 1 1094 1075 1018 1037 1095 1076 1019 1038
1498 5 2 0 1 1095 1076 1019 1038 1096 1077 1020 1039
1499 5 2 0 1 1096 1077 1020 1039 1097 1078 1021 1040
1500 5 2 0 1 1097 1078 1021 1040 1098 1079 1022 1041
1501 5 2 0 1 1098 1079 1022 1041 1099 1080 1023 1042
1502 5 2 0 1 1099 1080 1023 1042 1100 1081 1024 1043
1503 5 2 0 1 1100 1081 1024 1043 1101 1082 1025 1044
1504 5 2 0 1 1101 1082 1025 1044 1102 1083 1026 1045
1505 5 2 0 1 1102 1083 1026 1045 1103 1084 1027 1046
1506 5 2 0 1 1103 1084 1027 1046 1104 1085 1028 1047
1507 5 2 0 1 1104 1085 1028 1047 1105 1086 1029 1048
1508 5 2 0 1 1105 1086 1029 1048 1106 1087 1030 1049
1509 5 2 0 1 1106 1087 1030 1049 1107 1088 1031 1050
1510 5 2 0 1 1107 1088 1031 1050 1108 1089 1032 1051
1511 5 2 0 1 1108 1089 1032 1051 1109 1090 1033 1052
1512 5 2 0 1 1109 1090 1033 1052 1110 1091 1034 1053
1513 5 2 0 1 1110 1091 1034 1053 1111 1092 1035 1054
1514 5 2 0 1 1111 1092 1035 1054 520 519 516 517
1515 5 2 0 1 248 247 244 245 1112 1093 1036 1055
1516 5 2 0 1 1112 1093 1036 1055 1113 1094 1037 1056
1517 5 2 0 1 1113 1094 1037 1056 1114 1095 1038 1057
1518 5 2 0 1 1114 1095 1038 1057 1115 1096 1039 1058
1519 5 2 0 1 1115 1096 1039 1058 1116 1097 1040 1059
1520 5 2 0 1 1116 1097 1040 1059 1117 1098 1041 1060
1521 5 2 0 1 1117 1098 1041 1060 1118 1099 1042 1061
1522 5 2 0 1 1118 1099 1042 1061 1119 1100 1043 1062
1523 5 2 0 1 1119 1100 1043 1062 1120 1101 1044 1063
1524 5 2 0 1 1120 1101 1044 1063 1121 1102 1045 1064
1525 5 2 0 1 1121 1102 1045 1064 1122 1103 1046 1065
1526 5 2 0 1 1122 1103 1046 1065 1123 1104 1047 1066
1527 5 2 0 1 1123 1104 1047 1066 1124 1105 1048 1067
1528 5 2 0 1 1124 1105 1048 1067 1125 1106 1049 1068
1529 5 2 0 1 1125 1106 1049 1068 1126 1107 1050 1069
1530 5 2 0 1 1126 1107 1050 1069 1127 1108 1051 1070
1531 5 2 0 1 1127 1108 1051 1070 1128 1109 1052 1071
1532 5 2 0 1 1128 1109 1052 1071 1129 1110 1053 1072
1533 5 2 0 1 1129 1110 1053 1072 1130 1111 1054 1073
1534 5 2 0 1 1130 1111 1054 1073 521 520 517 518
1535 5 2 0 1 26 248 245 27 421 1112 1055 440
1536 5 2 0 1 421 1112 1055 440 422 1113 1056 441
1537 5 2 0 1 422 1113 1056 441 423 1114 1057 442
1538 5 2 0 1 423 1114 1057 442 424 1115 1058 443
1539 5 2 0 1 424 1115 1058 443 425 1116 1059 444
1540 5 2 0 1 425 1116 1059 444 426 1117 1060 445
1541 5 2 0 1 426 1117 1060 445 427 1118 1061 446
1542 5 2 0 1 427 1118 1061 446 428 1119 1062 447
1543 5 2 0 1 428 1119 1062 447 429 1120 1063 448
1544 5 2 0 1 429 1120 1063 448 430 1121 1064 449
1545 5 2 0 1 430 1121 1064 449 431 1122 1065 450
1546 5 2 0 1 431 1122 1065 450 432 1123 1066 451
1547 5 2 0 1 432 1123 1066 451 433 1124 1067 452
1548 5 2 0 1 433 1124 1067 452 434 1125 1068 453
1549 5 2 0 1 434 1125 1068 453 435 1126 1069 454
1550 5 2 0 1 435 1126 1069 454 436 1127 1070 455
1551 5 2 0 1 436 1127 1070 455 437 1128 1071 456
1552 5 2 0 1 437 1128 1071 456 438 1129 1072 457
1553 5 2 0 1 438 1129 1072 457 439 1130 1073 458
1554 5 2 0 1 439 1130 1073 458 62 521 518 63
1555 5 2 0 1 249 21 20 246 1131 326 307 1074
1556 5 2 0 1 1131 326 307 1074 1132 327 308 1075
1557 5 2 0 1 1132 327 308 1075 1133 328 309 1076
1558 5 2 0 1 1133 328 309 1076 1134 329 310 1077
1559 5 2 0 1 1134 329 310 1077 1135 330 311 1078
1560 5 2 0 1 1135 330 311 1078 1136 331 312 1079
1561 5 2 0 1 1136 331 312 1079 1137 332 313 1080
1562 5 2 0 1 1137 332 313 1080 1138 333 314 1081
1563 5 2 0 1 1138 333 314 1081 1139 334 315 1082
1564 5 2 0 1 1139 334 315 1082 1140 335 316 1083
1565 5 2 0 1 1140 335 316 1083 1141 336 317 1084
1566 5 2 0 1 1141 336 317 1084 1142 337 318 1085
1567 5 2 0 1 1142 337 318 1085 1143 338 319 1086
1568 5 2 0 1 1143 338 319 1086 1144 339 320 1087
1569 5 2 0 1 1144 339 320 1087 1145 340 321 1088
1570 5 2 0 1 1145 340 321 1088 1146 341 322 1089
1571 5 2 0 1 1146 341 322 1089 1147 342 323 1090
1572 5 2 0 1 1147 342 323 1090 1148 343 324 1091
1573 5 2 0 1 1148 343 324 1091 1149 344 325 1092
1574 5 2 0 1 1149 344 325 1092 522 57 56 519
1575 5 2 0 1 250 249 246 247 1150 1131 1074 1093
1576 5 2 0 1 1150 1131 1074 1093 1151 1132 1075 1094
1577 5 2 0 1 1151 1132 1075 1094 1152 1133 1076 1095
1578 5 2 0 1 1152 1133 1076 1095 1153 1134 1077 1096
1579 5 2 0 1 1153 1134 1077 1096 1154 1135 1078 1097
1580 5 2 0 1 1154 1135 1078 1097 1155 1136 1079 1098
1581 5 2 0 1 1155 1136 1079 1098 1156 1137 1080 1099
1582 5 2 0 1 1156 1137 1080 1099 1157 1138 1081 1100
1583 5 2 0 1 1157 1138 1081 1100 1158 1139 1082 1101
1584 5 2 0 1 1158 1139 1082 1101 1159 1140 1083 1102
1585 5 2 0 1 1159 1140 1083 1102 1160 1141 1084 1103
1586 5 2 0 1 1160 1141 1084 1103 1161 1142 1085 1104
1587 5 2 0 1 1161 1142 1085 1104 1162 1143 1086 1105
1588 5 2 0 1 1162 1143 1086 1105 1163 1144 1087 1106
1589 5 2 0 1 1163 1144 1087 1106 1164 1145 1088 1107
1590 5 2 0 1 1164 1145 1088 1107 1165 1146 1089 1108
1591 5 2 0 1 1165 1146 1089 1108 1166 1147 1090 1109
1592 5 2 0 1 1166 1147 1090 1109 1167 1148 1091 1110
1593 5 2 0 1 1167 1148 1091 1110 1168 1149 1092 1111
1594 5 2 0 1 1168 1149 1092 1111 523 522 519 520
1595 5 2 0 1 251 250 247 248 1169 1150 1093 1112
1596 5 2 0 1 1169 1150 1093 1112 1170 1151 1094 1113
1597 5 2 0 1 1170 1151 1094 1113 1171 1152 1095 1114
1598 5 2 0 1 1171 1152 1095 1114 1172 1153 1096 1115
1599 5 2 0 1 1172 1153 1096 1115 1173 1154 1097 1116
1600 5 2 0 1 1173 1154 1097 1116 1174 1155 1098 1117
1601 5 2 0 1 1174 1155 1098 1117 1175 1156 1099 1118
1602 5 2 0 1 1175 1156 1099 1118 1176 1157 1100 1119
1603 5 2 0 1 1176 1157 1100 1119 1177 1158 1101 1120
1604 5 2 0 1 1177 1158 1101 1120 1178 1159 1102 1121
1605 5 2 0 1 1178 1159 1102 1121 1179 1160 1103 1122
1606 5 2 0 1 1179 1160 1103 1122 1180 1161 1104 1123
1607 5 2 0 1 1180 1161 1104 1123 1181 1162 1105 1124
1608 5 2 0 1 1181 1162 1105 1124 1182 1163 1106 1125
1609 5 2 0 1 1182 1163 1106 1125 1183 1164 1107 1126
1610 5 2 0 1 1183 1164 1107 1126 1184 1165 1108 1127
1611 5 2 0 1 1184 1165 1108 1127 1185 1166 1109 1128
1612 5 2 0 1 1185 1166 1109 1128 1186 1167 1110 1129
1613 5 2 0 1 1186 1167 1110 1129 1187 1168 1111 1130
1614 5 2 0 1 1187 1168 1111 1130 524 523 520 521
1615 5 2 0 1 25 251 248 26 402 1169 1112 421
1616 5 2 0 1 402 1169 1112 421 403 1170 1113 422
1617 5 2 0 1 403 1170 1113 422 404 1171 1114 423
1618 5 2 0 1 404 1171 1114 423 405 1172 1115 424
1619 5 2 0 1 405 1172 1115 424 406 1173 1116 425
1620 5 2 0 1 406 1173 1116 425 407 1174 1117 426
1621 5 2 0 1 407 1174 1117 426 408 1175 1118 427
1622 5 2 0 1 408 1175 1118 427 409 1176 1119 428
1623 5 2 0 1 409 1176 1119 428 410 1177 1120 429
1624 5 2 0 1 410 1177 1120 429 411 1178 1121 430
1625 5 2 0 1 411 1178 1121 430 412 1179 1122 431
1626 5 2 0 1 412 1179 1122 431 413 1180 1123 432
1627 5 2 0 1 413 1180 1123 432 414 1181 1124 433
1628 5 2 0 1 414 1181 1124 433 415 1182 1125 434
1629 5 2 0 1 415 1182 1125 434 416 1183 1126 435
1630 5 2 0 1 416 1183 1126 435 417 1184 1127 436
1631 5 2 0 1 417 1184 1127 436 418 1185 1128 437
1632 5 2 0 1 418 1185 1128 437 419 1186 1129 438
1633 5 2 0 1 419 1186 1129 438 420 1187 1130 439
1634 5 2 0 1 420 1187 1130 439 61 524 521 62
1635 5 2 0 1 22 3 21 249 345 86 326 1131
1636 5 2 0 1 345 86 326 1131 346 87 327 1132
1637 5 2 0 1 346 87 327 1132 347 88 328 1133
1638 5 2 0 1 347 88 328 1133 348 89 329 1134
1639 5 2 0 1 348 89 329 1134 349 90 330 1135
1640 5 2 0 1 349 90 330 1135 350 91 331 1136
1641 5 2 0 1 350 91 331 1136 351 92 332 1137
1642 5 2 0 1 351 92 332 1137 352 93 333 1138
1643 5 2 0 1 352 93 333 1138 353 94 334 1139
1644 5 2 0 1 353 94 334 1139 354 95 335 1140
1645 5 2 0 1 354 95 335 1140 355 96 336 1141
1646 5 2 0 1 355 96 336 1141 356 97 337 1142
1647 5 2 0 1 356 97 337 1142 357 98 338 1143
1648 5 2 0 1 357 98 338 1143 358 99 339 1144
1649 5 2 0 1 358 99 339 1144 359 100 340 1145
1650 5 2 0 1 359 100 340 1145 360 101 341 1146
1651 5 2 0 1 360 101 341 1146 361 102 342 1147
1652 5 2 0 1 361 102 342 1147 362 103 343 1148
1653 5 2 0 1 362 103 343 1148 363 104 344 1149
1654 5 2 0 1 363 104 344 1149 58 11 57 522
1655 5 2 0 1 23 22 249 250 364 345 1131 1150
1656 5 2 0 1 364 345 1131 1150 365 346 1132 1151
1657 5 2 0 1 365 346 1132 1151 366 347 1133 1152
1658 5 2 0 1 366 347 1133 1152 367 348 1134 1153
1659 5 2 0 1 367 348 1134 1153 368 349 1135 1154
1660 5 2 0 1 368 349 1135 1154 369 350 1136 1155
1661 5 2 0 1 369 350 1136 1155 370 351 1137 1156
1662 5 2 0 1 370 351 1137 1156 371 352 1138 1157
1663 5 2 0 1 371 352 1138 1157 372 353 1139 1158
1664 5 2 0 1 372 353 1139 1158 373 354 1140 1159
1665 5 2 0 1 373 354 1140 1159 374 355 1141 1160
1666 5 2 0 1 374 355 1141 1160 375 356 1142 1161
1667 5 2 0 1 375 356 1142 1161 376 357 1143 1162
1668 5 2 0 1 376 357 1143 1162 377 358 1144 1163
1669 5 2 0 1 377 358 1144 1163 378 359 1145 1164
1670 5 2 0 1 378 359 1145 1164 379 360 1146 1165
1671 5 2 0 1 379 360 1146 1165 380 361 1147 1166
1672 5 2 0 1 380 361 1147 1166 381 362 1148 1167
1673 5 2 0 1 381 362 1148 1167 382 363 1149 1168
1674 5 2 0 1 382 363 1149 1168 59 58 522 523
1675 5 2 0 1 24 23 250 251 383 364 1150 1169
1676 5 2 0 1 383 364 1150 1169 384 365 1151 1170
1677 5 2 0 1 384 365 1151 1170 385 366 1152 1171
1678 5 2 0 1 385 366 1152 1171 386 367 1153 1172
1679 5 2 0 1 386 367 1153 1172 387 368 1154 1173
1680 5 2 0 1 387 368 1154 1173 388 369 1155 1174
1681 5 2 0 1 388 369 1155 1174 389 370 1156 1175
1682 5 2 0 1 389 370 1156 1175 390 371 1157 1176
1683 5 2 0 1 390 371 1157 1176 391 372 1158 1177
1684 5 2 0 1 391 372 1158 1177 392 373 1159 1178
1685 5 2 0 1 392 373 1159 1178 393 374 1160 1179
1686 5 2 0 1 393 374 1160 1179 394 375 1161 1180
1687 5 2 0 1 394 375 1161 1180 395 376 1162 1181
1688 5 2 0 1 395 376 1162 1181 396 377 1163 1182
1689 5 2 0 1 396 377 1163 1182 397 378 1164 1183
1690 5 2 0 1 397 378 1164 1183 398 379 1165 1184
1691 5 2 0 1 398 379 1165 1184 399 380 1166 1185
1692 5 2 0 1 399 380 1166 1185 400 381 1167 1186
1693 5 2 0 1 400 381 1167 1186 401 382 1168 1187
1694 5 2 0 1 401 382 1168 1187 60 59 523 524
1695 5 2 0 1 4 24 251 25 105 383 1169 402
1696 5 2 0 1 105 383 1169 402 106 384 1170 403
1697 5 2 0 1 106 384 1170 403 107 385 1171 404
1698 5 2 0 1 107 385 1171 404 108 386 1172 405
1699 5 2 0 1 108 386 1172 405 109 387 1173 406
1700 5 2 0 1 109 387 1173 406 110 388 1174 407
1701 5 2 0 1 110 388 1174 407 111 389 1175 408
1702 5 2 0 1 111 389 1175 408 112 390 1176 409
1703 5 2 0 1 112 390 1176 409 113 391 1177 410
1704 5 2 0 1 113 391 1177 410 114 392 1178 411
1705 5 2 0 1 114 392 1178 411 115 393 1179 412
1706 5 2 0 1 115 393 1179 412 116 394 1180 413
1707 5 2 0 1 116 394 1180 413 117 395 1181 414
1708 5 2 0 1 117 395 1181 414 118 396 1182 415
1709 5 2 0 1 118 396 1182 415 119 397 1183 416
1710 5 2 0 1 119 397 1183 416 120 398 1184 417
1711 5 2 0 1 120 398 1184 417 121 399 1185 418
1712 5 2 0 1 121 399 1185 418 122 400 1186 419
1713 5 2 0 1 122 400 1186 419 123 401 1187 420
1714 5 2 0 1 123 401 1187 420 12 60 524 61
1715 5 2 0 2 2 19 252 31 67 288 1188 639
1716 5 2 0 2 67 288 1188 639 68 289 1189 640
1717 5 2 0 2 68 289 1189 640 69 290 1190 641
1718 5 2 0 2 69 290 1190 641 70 291 1191 642
1719 5 2 0 2 70 291 1191 642 71 292 1192 643
1720 5 2 0 2 71 292 1192 643 72 293 1193 644
1721 5 2 0 2 72 293 1193 644 73 294 1194 645
1722 5 2 0 2 73 294 1194 645 74 295 1195 646
1723 5 2 0 2 74 295 1195 646 75 296 1196 647
1724 5 2 0 2 75 296 1196 647 76 297 1197 648
1725 5 2 0 2 76 297 1197 648 77 298 1198 649
1726 5 2 0 2 77 298 1198 649 78 299 1199 650
1727 5 2 0 2 78 299 1199 650 79 300 1200 651
1728 5 2 0 2 79 300 1200 651 80 301 1201 652
1729 5 2 0 2 80 301 1201 652 81 302 1202 653
1730 5 2 0 2 81 302 1202 653 82 303 1203 654
1731 5 2 0 2 82 303 1203 654 83 304 1204 655
1732 5 2 0 2 83 304 1204 655 84 305 1205 656
1733 5 2 0 2 84 305 1205 656 85 306 1206 657
1734 5 2 0 2 85 306 1206 657 10 55 696 151
1735 5 2 0 2 31 252 253 32 639 1188 1207 658
1736 5 2 0 2 639 1188 1207 658 640 1189 1208 659
1737 5 2 0 2 640 1189 1208 659 641 1190 1209 660
1738 5 2 0 2 641 1190 1209 660 642 1191 1210 661
1739 5 2 0 2 642 1191 1210 661 643 1192 1211 662
1740 5 2 0 2 643 1192 1211 662 644 1193 1212 663
1741 5 2 0 2 644 1193 1212 663 645 1194 1213 664
1742 5 2 0 2 645 1194 1213 664 646 1195 1214 665
1743 5 2 0 2 646 1195 1214 665 647 1196 1215 666
1744 5 2 0 2 647 1196 1215 666 648 1197 1216 667
1745 5 2 0 2 648 1197 1216 667 649 1198 1217 668
1746 5 2 0 2 649 1198 1217 668 650 1199 1218 669
1747 5 2 0 2 650 1199 1218 669 651 1200 1219 670
1748 5 2 0 2 651 1200 1219 670 652 1201 1220 671
1749 5 2 0 2 652 1201 1220 671 653 1202 1221 672
1750 5 2 0 2 653 1202 1221 672 654 1203 1222 673
1751 5 2 0 2 654 1203 1222 673 655 1204 1223 674
1752 5 2 0 2 655 1204 1223 674 656 1205 1224 675
1753 5 2 0 2 656 1205 1224 675 657 1206 1225 676
1754 5 2 0 2 657 1206 1225 676 151 696 697 150
1755 5 2 0 2 32 253 254 33 658 1207 1226 677
1756 5 2 0 2 658 1207 1226 677 659 1208 1227 678
1757 5 2 0 2 659 1208 1227 678 660 1209 1228 679
1758 5 2 0 2 660 1209 1228 679 661 1210 1229 680
1759 5 2 0 2 661 1210 1229 680 662 1211 1230 681
1760 5 2 0 2 662 1211 1230 681 663 1212 1231 682
1761 5 2 0 2 663 1212 1231 682 664 1213 1232 683
1762 5 2 0 2 664 1213 1232 683 665 1214 1233 684
1763 5 2 0 2 665 1214 1233 684 666 1215 1234 685
1764 5 2 0 2 666 1215 1234 685 667 1216 1235 686
1765 5 2 0 2 667 1216 1235 686 668 1217 1236 687
1766 5 2 0 2 668 1217 1236 687 669 1218 1237 688
1767 5 2 0 2 669 1218 1237 688 670 1219 1238 689
1768 5 2 0 2 670 1219 1238 689 671 1220 1239 690
1769 5 2 0 2 671 1220 1239 690 672 1221 1240 691
1770 5 2 0 2 672 1221 1240 691 673 1222 1241 692
1771 5 2 0 2 673 1222 1241 692 674 1223 1242 693
1772 5 2 0 2 674 1223 1242 693 675 1224 1243 694
1773 5 2 0 2 675 1224 1243 694 676 1225 1244 695
1774 5 2 0 2 676 1225 1244 695 150 697 698 149
1775 5 2 0 2 33 254 43 6 677 1226 582 171
1776 5 2 0 2 677 1226 582 171 678 1227 583 172
1777 5 2 0 2 678 1227 583 172 679 1228 584 173
1778 5 2 0 2 679 1228 584 173 680 1229 585 174
1779 5 2 0 2 680 1229 585 174 681 1230 586 175
1780 5 2 0 2 681 1230 586 175 682 1231 587 176
1781 5 2 0 2 682 1231 587 176 683 1232 588 177
1782 5 2 0 2 683 1232 588 177 684 1233 589 178
1783 5 2 0 2 684 1233 589 178 685 1234 590 179
1784 5 2 0 2 685 1234 590 179 686 1235 591 180
1785 5 2 0 2 686 1235 591 180 687 1236 592 181
1786 5 2 0 2 687 1236 592 181 688 1237 593 182
1787 5 2 0 2 688 1237 593 182 689 1238 594 183
1788 5 2 0 2 689 1238 594 183 690 1239 595 184
1789 5 2 0 2 690 1239 595 184 691 1240 596 185
1790 5 2 0 2 691 1240 596 185 692 1241 597 186
1791 5 2 0 2 692 1241 597 186 693 1242 598 187
1792 5 2 0 2 693 1242 598 187 694 1243 599 188
1793 5 2 0 2 694 1243 599 188 695 1244 600 189
1794 5 2 0 2 695 1244 600 189 149 698 148 16
1795 5 2 0 2 19 20 255 252 288 307 1245 1188
1796 5 2 0 2 288 307 1245 1188 289 308 1246 1189
1797 5 2 0 2 289 308 1246 1189 290 309 1247 1190
1798 5 2 0 2 290 309 1247 1190 291 310 1248 1191
1799 5 2 0 2 291 310 1248 1191 292 311 1249 1192
1800 5 2 0 2 292 311 1249 1192 293 312 1250 1193
1801 5 2 0 2 293 312 1250 1193 294 313 1251 1194
1802 5 2 0 2 294 313 1251 1194 295 314 1252 1195
1803 5 2 0 2 295 314 1252 1195 296 315 1253 1196
1804 5 2 0 2 296 315 1253 1196 297 316 1254 1197
1805 5 2 0 2 297 316 1254 1197 298 317 1255 1198
1806 5 2 0 2 298 317 1255 1198 299 318 1256 1199
1807 5 2 0 2 299 318 1256 1199 300 319 1257 1200
1808 5 2 0 2 300 319 1257 1200 301 320 1258 1201
1809 5 2 0 2 301 320 1258 1201 302 321 1259 1202
1810 5 2 0 2 302 321 1259 1202 303 322 1260 1203
1811 5 2 0 2 303 322 1260 1203 304 323 1261 1204
1812 5 2 0 2 304 323 1261 1204 305 324 1262 1205
1813 5 2 0 2 305 324 1262 1205 306 325 1263 1206
1814 5 2 0 2 306 325 1263 1206 55 56 699 696
1815 5 2 0 2 252 255 256 253 1188 1245 1264 1207
1816 5 2 0 2 1188 1245 1264 1207 1189 1246 1265 1208
1817 5 2 0 2 1189 1246 1265 1208 1190 1247 1266 1209
1818 5 2 0 2 1190 1247 1266 1209 1191 1248 1267 1210
1819 5 2 0 2 1191 1248 1267 1210 1192 1249 1268 1211
1820 5 2 0 2 1192 1249 1268 1211 1193 1250 1269 1212
1821 5 2 0 2 1193 1250 1269 1212 1194 1251 1270 1213
1822 5 2 0 2 1194 1251 1270 1213 1195 1252 1271 1214
1823 5 2 0 2 1195 1252 1271 1214 1196 1253 1272 1215
1824 5 2 0 2 1196 1253 1272 1215 1197 1254 1273 1216
1825 5 2 0 2 1197 1254 1273 1216 1198 1255 1274 1217
1826 5 2 0 2 1198 1255 1274 1217 1199 1256 1275 1218
1827 5 2 0 2 1199 1256 1275 1218 1200 1257 1276 1219
1828 5 2 0 2 1200 1257 1276 1219 1201 1258 1277 1220
1829 5 2 0 2 1201 1258 1277 1220 1202 1259 1278 1221
1830 5 2 0 2 1202 1259 1278 1221 1203 1260 1279 1222
1831 5 2 0 2 1203 1260 1279 1222 1204 1261 1280 1223
1832 5 2 0 2 1204 1261 1280 1223 1205 1262 1281 1224
1833 5 2 0 2 1205 1262 1281 1224 1206 1263 1282 1225
1834 5 2 0 2 1206 1263 1282 1225 696 699 700 697
1835 5 2 0 2 253 256 257 254 1207 1264 1283 1226
1836 5 2 0 2 1207 1264 1283 1226 1208 1265 1284 1227
1837 5 2 0 2 1208 1265 1284 1227 1209 1266 1285 1228
1838 5 2 0 2 1209 1266 1285 1228 1210 1267 1286 1229
1839 5 2 0 2 1210 1267 1286 1229 1211 1268 1287 1230
1840 5 2 0 2 1211 1268 1287 1230 1212 1269 1288 1231
1841 5 2 0 2 1212 1269 1288 1231 1213 1270 1289 1232
1842 5 2 0 2 1213 1270 1289 1232 1214 1271 1290 1233
1843 5 2 0 2 1214 1271 1290 1233 1215 1272 1291 1234
1844 5 2 0 2 1215 1272 1291 1234 1216 1273 1292 1235
1845 5 2 0 2 1216 1273 1292 1235 1217 1274 1293 1236
1846 5 2 0 2 1217 1274 1293 1236 1218 1275 1294 1237
1847 5 2 0 2 1218 1275 1294 1237 1219 1276 1295 1238
1848 5 2 0 2 1219 1276 1295 1238 1220 1277 1296 1239
1849 5 2 0 2 1220 1277 1296 1239 1221 1278 1297 1240
1850 5 2 0 2 1221 1278 1297 1240 1222 1279 1298 1241
1851 5 2 0 2 1222 1279 1298 1241 1223 1280 1299 1242
1852 5 2 0 2 1223 1280 1299 1242 1224 1281 1300 1243
1853 5 2 0 2 1224 1281 1300 1243 1225 1282 1301 1244
1854 5 2 0 2 1225 1282 1301 1244 697 700 701 698
1855 5 2 0 2 254 257 44 43 1226 1283 601 582
1856 5 2 0 2 1226 1283 601 582 1227 1284 602 583
1857 5 2 0 2 1227 1284 602 583 1228 1285 603 584
1858 5 2 0 2 1228 1285 603 584 1229 1286 604 585
1859 5 2 0 2 1229 1286 604 585 1230 1287 605 586
1860 5 2 0 2 1230 1287 605 586 1231 1288 606 587
1861 5 2 0 2 1231 1288 606 587 1232 1289 607 588
1862 5 2 0 2 1232 1289 607 588 1233 1290 608 589
1863 5 2 0 2 1233 1290 608 589 1234 1291 609 590
1864 5 2 0 2 1234 1291 609 590 1235 1292 610 591
1865 5 2 0 2 1235 1292 610 591 1236 1293 611 592
1866 5 2 0 2 1236 1293 611 592 1237 1294 612 593
1867 5 2 0 2 1237 1294 612 593 1238 1295 613 594
1868 5 2 0 2 1238 1295 613 594 1239 1296 614 595
1869 5 2 0 2 1239 1296 614 595 1240 1297 615 596
1870 5 2 0 2 1240 1297 615 596 1241 1298 616 597
1871 5 2 0 2 1241 1298 616 597 1242 1299 617 598
1872 5 2 0 2 1242 1299 617 598 1243 1300 618 599
1873 5 2 0 2 1243 1300 618 599 1244 1301 619 600
1874 5 2 0 2 1244 1301 619 600 698 701 147 148
1875 5 2 0 2 20 21 258 255 307 326 1302 1245
1876 5 2 0 2 307 326 1302 1245 308 327 1303 1246
1877 5 2 0 2 308 327 1303 1246 309 328 1304 1247
1878 5 2 0 2 309 328 1304 1247 310 329 1305 1248
1879 5 2 0 2 310 329 1305 1248 311 330 1306 1249
1880 5 2 0 2 311 330 1306 1249 312 331 1307 1250
1881 5 2 0 2 312 331 1307 1250 313 332 1308 1251
1882 5 2 0 2 313 332 1308 1251 314 333 1309 1252
1883 5 2 0 2 314 333 1309 1252 315 334 1310 1253
1884 5 2 0 2 315 334 1310 1253 316 335 1311 1254
1885 5 2 0 2 316 335 1311 1254 317 336 1312 1255
1886 5 2 0 2 317 336 1312 1255 318 337 1313 1256
1887 5 2 0 2 318 337 1313 1256 319 338 1314 1257
1888 5 2 0 2 319 338 1314 1257 320 339 1315 1258
1889 5 2 0 2 320 339 1315 1258 321 340 1316 1259
1890 5 2 0 2 321 340 1316 1259 322 341 1317 1260
1891 5 2 0 2 322 341 1317 1260 323 342 1318 1261
1892 5 2 0 2 323 342 1318 1261 324 343 1319 1262
1893 5 2 0 2 324 343 1319 1262 325 344 1320 1263
1894 5 2 0 2 325 344 1320 1263 56 57 702 699
1895 5 2 0 2 255 258 259 256 1245 1302 1321 1264
1896 5 2 0 2 1245 1302 1321 1264 1246 1303 1322 1265
1897 5 2 0 2 1246 1303 1322 1265 1247 1304 1323 1266
1898 5 2 0 2 1247 1304 1323 1266 1248 1305 1324 1267
1899 5 2 0 2 1248 1305 1324 1267 1249 1306 1325 1268
1900 5 2 0 2 1249 1306 1325 1268 1250 1307 1326 1269
1901 5 2 0 2 1250 1307 1326 1269 1251 1308 1327 1270
1902 5 2 0 2 1251 1308 1327 1270 1252 1309 1328 1271
1903 5 2 0 2 1252 1309 1328 1271 1253 1310 1329 1272
1904 5 2 0 2 1253 1310 1329 1272 1254 1311 1330 1273
1905 5 2 0 2 1254 1311 1330 1273 1255 1312 1331 1274
1906 5 2 0 2 1255 1312 1331 1274 1256 1313 1332 1275
1907 5 2 0 2 1256 1313 1332 1275 1257 1314 1333 1276
1908 5 2 0 2 1257 1314 1333 1276 1258 1315 1334 1277
1909 5 2 0 2 1258 1315 1334 1277 1259 1316 1335 1278
1910 5 2 0 2 1259 1316 1335 1278 1260 1317 1336 1279
1911 5 2 0 2 1260 1317 1336 1279 1261 1318 1337 1280
1912 5 2 0 2 1261 1318 1337 1280 1262 1319 1338 1281
1913 5 2 0 2 1262 1319 1338 1281 1263 1320 1339 1282
1914 5 2 0 2 1263 1320 1339 1282 699 702 703 700
1915 5 2 0 2 256 259 260 257 1264 1321 1340 1283
1916 5 2 0 2 1264 1321 1340 1283 1265 1322 1341 1284
1917 5 2 0 2 1265 1322 1341 1284 1266 1323 1342 1285
1918 5 2 0 2 1266 1323 1342 1285 1267 1324 1343 1286
1919 5 2 0 2 1267 1324 1343 1286 1268 1325 1344 1287
1920 5 2 0 2 1268 1325 1344 1287 1269 1326 1345 1288
1921 5 2 0 2 1269 1326 1345 1288 1270 1327 1346 1289
1922 5 2 0 2 1270 1327 1346 1289 1271 1328 1347 1290
1923 5 2 0 2 1271 1328 1347 1290 1272 1329 1348 1291
1924 5 2 0 2 1272 1329 1348 1291 1273 1330 1349 1292
1925 5 2 0 2 1273 1330 1349 1292 1274 1331 1350 1293
1926 5 2 0 2 1274 1331 1350 1293 1275 1332 1351 1294
1927 5 2 0 2 1275 1332 1351 1294 1276 1333 1352 1295
1928 5 2 0 2 1276 1333 1352 1295 1277 1334 1353 1296
1929 5 2 0 2 1277 1334 1353 1296 1278 1335 1354 1297
1930 5 2 0 2 1278 1335 1354 1297 1279 1336 1355 1298
1931 5 2 0 2 1279 1336 1355 1298 1280 1337 1356 1299
1932 5 2 0 2 1280 1337 1356 1299 1281 1338 1357 1300
1933 5 2 0 2 1281 1338 1357 1300 1282 1339 1358 1301
1934 5 2 0 2 1282 1339 1358 1301 700 703 704 701
1935 5 2 0 2 257 260 45 44 1283 1340 620 601
1936 5 2 0 2 1283 1340 620 601 1284 1341 621 602
1937 5 2 0 2 1284 1341 621 602 1285 1342 622 603
1938 5 2 0 2 1285 1342 622 603 1286 1343 623 604
1939 5 2 0 2 1286 1343 623 604 1287 1344 624 605
1940 5 2 0 2 1287 1344 624 605 1288 1345 625 606
1941 5 2 0 2 1288 1345 625 606 1289 1346 626 607
1942 5 2 0 2 1289 1346 626 607 1290 1347 627 608
1943 5 2 0 2 1290 1347 627 608 1291 1348 628 609
1944 5 2 0 2 1291 1348 628 609 1292 1349 629 610
1945 5 2 0 2 1292 1349 629 610 1293 1350 630 611
1946 5 2 0 2 1293 1350 630 611 1294 1351 631 612
1947 5 2 0 2 1294 1351 631 612 1295 1352 632 613
1948 5 2 0 2 1295 1352 632 613 1296 1353 633 614
1949 5 2 0 2 1296 1353 633 614 1297 1354 634 615
1950 5 2 0 2 1297 1354 634 615 1298 1355 635 616
1951 5 2 0 2 1298 1355 635 616 1299 1356 636 617
1952 5 2 0 2 1299 1356 636 617 1300 1357 637 618
1953 5 2 0 2 1300 1357 637 618 1301 1358 638 619
1954 5 2 0 2 1301 1358 638 619 701 704 146 147
1955 5 2 0 2 21 3 34 258 326 86 525 1302
1956 5 2 0 2 326 86 525 1302 327 87 526 1303
1957 5 2 0 2 327 87 526 1303 328 88 527 1304
1958 5 2 0 2 328 88 527 1304 329 89 528 1305
1959 5 2 0 2 329 89 528 1305 330 90 529 1306
1960 5 2 0 2 330 90 529 1306 331 91 530 1307
1961 5 2 0 2 331 91 530 1307 332 92 531 1308
1962 5 2 0 2 332 92 531 1308 333 93 532 1309
1963 5 2 0 2 333 93 532 1309 334 94 533 1310
1964 5 2 0 2 334 94 533 1310 335 95 534 1311
1965 5 2 0 2 335 95 534 1311 336 96 535 1312
1966 5 2 0 2 336 96 535 1312 337 97 536 1313
1967 5 2 0 2 337 97 536 1313 338 98 537 1314
1968 5 2 0 2 338 98 537 1314 339 99 538 1315
1969 5 2 0 2 339 99 538 1315 340 100 539 1316
1970 5 2 0 2 340 100 539 1316 341 101 540 1317
1971 5 2 0 2 341 101 540 1317 342 102 541 1318
1972 5 2 0 2 342 102 541 1318 343 103 542 1319
1973 5 2 0 2 343 103 542 1319 344 104 543 1320
1974 5 2 0 2 344 104 543 1320 57 11 143 702
1975 5 2 0 2 258 34 35 259 1302 525 544 1321
1976 5 2 0 2 1302 525 544 1321 1303 526 545 1322
1977 5 2 0 2 1303 526 545 1322 1304 527 546 1323
1978 5 2 0 2 1304 527 546 1323 1305 528 547 1324
1979 5 2 0 2 1305 528 547 1324 1306 529 548 1325
1980 5 2 0 2 1306 529 548 1325 1307 530 549 1326
1981 5 2 0 2 1307 530 549 1326 1308 531 550 1327
1982 5 2 0 2 1308 531 550 1327 1309 532 551 1328
1983 5 2 0 2 1309 532 551 1328 1310 533 552 1329
1984 5 2 0 2 1310 533 552 1329 1311 534 553 1330
1985 5 2 0 2 1311 534 553 1330 1312 535 554 1331
1986 5 2 0 2 1312 535 554 1331 1313 536 555 1332
1987 5 2 0 2 1313 536 555 1332 1314 537 556 1333
1988 5 2 0 2 1314 537 556 1333 1315 538 557 1334
1989 5 2 0 2 1315 538 557 1334 1316 539 558 1335
1990 5 2 0 2 1316 539 558 1335 1317 540 559 1336
1991 5 2 0 2 1317 540 559 1336 1318 541 560 1337
1992 5 2 0 2 1318 541 560 1337 1319 542 561 1338
1993 5 2 0 2 1319 542 561 1338 1320 543 562 1339
1994 5 2 0 2 1320 543 562 1339 702 143 144 703
1995 5 2 0 2 259 35 36 260 1321 544 563 1340
1996 5 2 0 2 1321 544 563 1340 1322 545 564 1341
1997 5 2 0 2 1322 545 564 1341 1323 546 565 1342
1998 5 2 0 2 1323 546 565 1342 1324 547 566 1343
1999 5 2 0 2 1324 547 566 1343 1325 548 567 1344
2000 5 2 0 2 1325 548 567 1344 1326 549 568 1345
2001 5 2 0 2 1326 549 568 1345 1327 550 569 1346
2002 5 2 0 2 1327 550 569 1346 1328 551 570 1347
2003 5 2 0 2 1328 551 570 1347 1329 552 571 1348
2004 5 2 0 2 1329 552 571 1348 1330 553 572 1349
2005 5 2 0 2 1330 553 572 1349 1331 554 573 1350
2006 5 2 0 2 1331 554 573 1350 1332 555 574 1351
2007 5 2 0 2 1332 555 574 1351 1333 556 575 1352
2008 5 2 0 2 1333 556 575 1352 1334 557 576 1353
2009 5 2 0 2 1334 557 576 1353 1335 558 577 1354
2010 5 2 0 2 1335 558 577 1354 1336 559 578 1355
2011 5 2 0 2 1336 559 578 1355 1337 560 579 1356
2012 5 2 0 2 1337 560 579 1356 1338 561 580 1357
2013 5 2 0 2 1338 561 580 1357 1339 562 581 1358
2014 5 2 0 2 1339 562 581 1358 703 144 145 704
2015 5 2 0 2 260 36 7 45 1340 563 152 620
2016 5 2 0 2 1340 563 152 620 1341 564 153 621
2017 5 2 0 2 1341 564 153 621 1342 565 154 622
2018 5 2 0 2 1342 565 154 622 1343 566 155 623
2019 5 2 0 2 1343 566 155 623 1344 567 156 624
2020 5 2 0 2 1344 567 156 624 1345 568 157 625
2021 5 2 0 2 1345 568 157 625 1346 569 158 626
2022 5 2 0 2 1346 569 158 626 1347 570 159 627
2023 5 2 0 2 1347 570 159 627 1348 571 160 628
2024 5 2 0 2 1348 571 160 628 1349 572 161 629
2025 5 2 0 2 1349 572 161 629 1350 573 162 630
2026 5 2 0 2 1350 573 162 630 1351 574 163 631
2027 5 2 0 2 1351 574 163 631 1352 575 164 632
2028 5 2 0 2 1352 575 164 632 1353 576 165 633
2029 5 2 0 2 1353 576 165 633 1354 577 166 634
2030 5 2 0 2 1354 577 166 634 1355 578 167 635
2031 5 2 0 2 1355 578 167 635 1356 579 168 636
2032 5 2 0 2 1356 579 168 636 1357 580 169 637
2033 5 2 0 2 1357 580 169 637 1358 581 170 638
2034 5 2 0 2 1358 581 170 638 704 145 14 146
2035 5 2 0 3 3 22 261 34 86 345 1359 525
2036 5 2 0 3 86 345 1359 525 87 346 1360 526
2037 5 2 0 3 87 346 1360 526 88 347 1361 527
2038 5 2 0 3 88 347 1361 527 89 348 1362 528
2039 5 2 0 3 89 348 1362 528 90 349 1363 529
2040 5 2 0 3 90 349 1363 529 91 350 1364 530
2041 5 2 0 3 91 350 1364 530 92 351 1365 531
2042 5 2 0 3 92 351 1365 531 93 352 1366 532
2043 5 2 0 3 93 352 1366 532 94 353 1367 533
2044 5 2 0 3 94 353 1367 533 95 354 1368 534
2045 5 2 0 3 95 354 1368 534 96 355 1369 535
2046 5 2 0 3 96 355 1369 535 97 356 1370 536
2047 5 2 0 3 97 356 1370 536 98 357 1371 537
2048 5 2 0 3 98 357 1371 537 99 358 1372 538
2049 5 2 0 3 99 358 1372 538 100 359 1373 539
2050 5 2 0 3 100 359 1373 539 101 360 1374 540
2051 5 2 0 3 101 360 1374 540 102 361 1375 541
2052 5 2 0 3 102 361 1375 541 103 362 1376 542
2053 5 2 0 3 103 362 1376 542 104 363 1377 543
2054 5 2 0 3 104 363 1377 543 11 58 819 143
2055 5 2 0 3 34 261 262 35 525 1359 1378 544
2056 5 2 0 3 525 1359 1378 544 526 1360 1379 545
2057 5 2 0 3 526 1360 1379 545 527 1361 1380 546
2058 5 2 0 3 527 1361 1380 546 528 1362 1381 547
2059 5 2 0 3 528 1362 1381 547 529 1363 1382 548
2060 5 2 0 3 529 1363 1382 548 530 1364 1383 549
2061 5 2 0 3 530 1364 1383 549 531 1365 1384 550
2062 5 2 0 3 531 1365 1384 550 532 1366 1385 551
2063 5 2 0 3 532 1366 1385 551 533 1367 1386 552
2064 5 2 0 3 533 1367 1386 552 534 1368 1387 553
2065 5 2 0 3 534 1368 1387 553 535 1369 1388 554
2066 5 2 0 3 535 1369 1388 554 536 1370 1389 555
2067 5 2 0 3 536 1370 1389 555 537 1371 1390 556
2068 5 2 0 3 537 1371 1390 556 538 1372 1391 557
2069 5 2 0 3 538 1372 1391 557 539 1373 1392 558
2070 5 2 0 3 539 1373 1392 558 540 1374 1393 559
2071 5 2 0 3 540 1374 1393 559 541 1375 1394 560
2072 5 2 0 3 541 1375 1394 560 542 1376 1395 561
2073 5 2 0 3 542 1376 1395 561 543 1377 1396 562
2074 5 2 0 3 543 1377 1396 562 143 819 820 144
2075 5 2 0 3 35 262 263 36 544 1378 1397 563
2076 5 2 0 3 544 1378 1397 563 545 1379 1398 564
2077 5 2 0 3 545 1379 1398 564 546 1380 1399 565
2078 5 2 0 3 546 1380 1399 565 547 1381 1400 566
2079 5 2 0 3 547 1381 1400 566 548 1382 1401 567
2080 5 2 0 3 548 1382 1401 567 549 1383 1402 568
2081 5 2 0 3 549 1383 1402 568 550 1384 1403 569
2082 5 2 0 3 550 1384 1403 569 551 1385 1404 570
2083 5 2 0 3 551 1385 1404 570 552 1386 1405 571
2084 5 2 0 3 552 1386 1405 571 553 1387 1406 572
2085 5 2 0 3 553 1387 1406 572 554 1388 1407 573
2086 5 2 0 3 554 1388 1407 573 555 1389 1408 574
2087 5 2 0 3 555 1389 1408 574 556 1390 1409 575
2088 5 2 0 3 556 1390 1409 575 557 1391 1410 576
2089 5 2 0 3 557 1391 1410 576 558 1392 1411 577
2090 5 2 0 3 558 1392 1411 577 559 1393 1412 578
2091 5 2 0 3 559 1393 1412 578 560 1394 1413 579
2092 5 2 0 3 560 1394 1413 579 561 1395 1414 580
2093 5 2 0 3 561 1395 1414 580 562 1396 1415 581
2094 5 2 0 3 562 1396 1415 581 144 820 821 145
2095 5 2 0 3 36 263 46 7 563 1397 762 152
2096 5 2 0 3 563 1397 762 152 564 1398 763 153
2097 5 2 0 3 564 1398 763 153 565 1399 764 154
2098 5 2 0 3 565 1399 764 154 566 1400 765 155
2099 5 2 0 3 566 1400 765 155 567 1401 766 156
2100 5 2 0 3 567 1401 766 156 568 1402 767 157
2101 5 2 0 3 568 1402 767 157 569 1403 768 158
2102 5 2 0 3 569 1403 768 158 570 1404 769 159
2103 5 2 0 3 570 1404 769 159 571 1405 770 160
2104 5 2 0 3 571 1405 770 160 572 1406 771 161
2105 5 2 0 3 572 1406 771 161 573 1407 772 162
2106 5 2 0 3 573 1407 772 162 574 1408 773 163
2107 5 2 0 3 574 1408 773 163 575 1409 774 164
2108 5 2 0 3 575 1409 774 164 576 1410 775 165
2109 5 2 0 3 576 1410 775 165 577 1411 776 166
2110 5 2 0 3 577 1411 776 166 578 1412 777 167
2111 5 2 0 3 578 1412 777 167 579 1413 778 168
2112 5 2 0 3 579 1413 778 168 580 1414 779 169
2113 5 2 0 3 580 1414 779 169 581 1415 780 170
2114 5 2 0 3 581 1415 780 170 145 821 195 14
2115 5 2 0 3 22 23 264 261 345 364 1416 1359
2116 5 2 0 3 345 364 1416 1359 346 365 1417 1360
2117 5 2 0 3 346 365 1417 1360 347 366 1418 1361
2118 5 2 0 3 347 366 1418 1361 348 367 1419 1362
2119 5 2 0 3 348 367 1419 1362 349 368 1420 1363
2120 5 2 0 3 349 368 1420 1363 350 369 1421 1364
2121 5 2 0 3 350 369 1421 1364 351 370 1422 1365
2122 5 2 0 3 351 370 1422 1365 352 371 1423 1366
2123 5 2 0 3 352 371 1423 1366 353 372 1424 1367
2124 5 2 0 3 353 372 1424 1367 354 373 1425 1368
2125 5 2 0 3 354 373 1425 1368 355 374 1426 1369
2126 5 2 0 3 355 374 1426 1369 356 375 1427 1370
2127 5 2 0 3 356 375 1427 1370 357 376 1428 1371
2128 5 2 0 3 357 376 1428 1371 358 377 1429 1372
2129 5 2 0 3 358 377 1429 1372 359 378 1430 1373
2130 5 2 0 3 359 378 1430 1373 360 379 1431 1374
2131 5 2 0 3 360 379 1431 1374 361 380 1432 1375
2132 5 2 0 3 361 380 1432 1375 362 381 1433 1376
2133 5 2 0 3 362 381 1433 1376 363 382 1434 1377
2134 5 2 0 3 363 382 1434 1377 58 59 822 819
2135 5 2 0 3 261 264 265 262 1359 1416 1435 1378
2136 5 2 0 3 1359 1416 1435 1378 1360 1417 1436 1379
2137 5 2 0 3 1360 1417 1436 1379 1361 1418 1437 1380
2138 5 2 0 3 1361 1418 1437 1380 1362 1419 1438 1381
2139 5 2 0 3 1362 1419 1438 1381 1363 1420 1439 1382
2140 5 2 0 3 1363 1420 1439 1382 1364 1421 1440 1383
2141 5 2 0 3 1364 1421 1440 1383 1365 1422 1441 1384
2142 5 2 0 3 1365 1422 1441 1384 1366 1423 1442 1385
2143 5 2 0 3 1366 1423 1442 1385 1367 1424 1443 1386
2144 5 2 0 3 1367 1424 1443 1386 1368 1425 1444 1387
2145 5 2 0 3 1368 1425 1444 1387 1369 1426 1445 1388
2146 5 2 0 3 1369 1426 1445 1388 1370 1427 1446 1389
2147 5 2 0 3 1370 1427 1446 1389 1371 1428 1447 1390
2148 5 2 0 3 1371 1428 1447 1390 1372 1429 1448 1391
2149 5 2 0 3 1372 1429 1448 1391 1373 1430 1449 1392
2150 5 2 0 3 1373 1430 1449 1392 1374 1431 1450 1393
2151 5 2 0 3 1374 1431 1450 1393 1375 1432 1451 1394
2152 5 2 0 3 1375 1432 1451 1394 1376 1433 1452 1395
2153 5 2 0 3 1376 1433 1452 1395 1377 1434 1453 1396
2154 5 2 0 3 1377 1434 1453 1396 819 822 823 820
2155 5 2 0 3 262 265 266 263 1378 1435 1454 1397
2156 5 2 0 3 1378 1435 1454 1397 1379 1436 1455 1398
2157 5 2 0 3 1379 1436 1455 1398 1380 1437 1456 1399
2158 5 2 0 3 1380 1437 1456 1399 1381 1438 1457 1400
2159 5 2 0 3 1381 1438 1457 1400 1382 1439 1458 1401
2160 5 2 0 3 1382 1439 1458 1401 1383 1440 1459 1402
2161 5 2 0 3 1383 1440 1459 1402 1384 1441 1460 1403
2162 5 2 0 3 1384 1441 1460 1403 1385 1442 1461 1404
2163 5 2 0 3 1385 1442 1461 1404 1386 1443 1462 1405
2164 5 2 0 3 1386 1443 1462 1405 1387 1444 1463 1406
2165 5 2 0 3 1387 1444 1463 1406 1388 1445 1464 1407
2166 5 2 0 3 1388 1445 1464 1407 1389 1446 1465 1408
2167 5 2 0 3 1389 1446 1465 1408 1390 1447 1466 1409
2168 5 2 0 3 1390 1447 1466 1409 1391 1448 1467 1410
2169 5 2 0 3 1391 1448 1467 1410 1392 1449 1468 1411
2170 5 2 0 3 1392 1449 1468 1411 1393 1450 1469 1412
2171 5 2 0 3 1393 1450 1469 1412 1394 1451 1470 1413
2172 5 2 0 3 1394 1451 1470 1413 1395 1452 1471 1414
2173 5 2 0 3 1395 1452 1471 1414 1396 1453 1472 1415
2174 5 2 0 3 1396 1453 1472 1415 820 823 824 821
2175 5 2 0 3 263 266 47 46 1397 1454 781 762
2176 5 2 0 3 1397 1454 781 762 1398 1455 782 763
2177 5 2 0 3 1398 1455 782 763 1399 1456 783 764
2178 5 2 0 3 1399 1456 783 764 1400 1457 784 765
2179 5 2 0 3 1400 1457 784 765 1401 1458 785 766
2180 5 2 0 3 1401 1458 785 766 1402 1459 786 767
2181 5 2 0 3 1402 1459 786 767 1403 1460 787 768
2182 5 2 0 3 1403 1460 787 768 1404 1461 788 769
2183 5 2 0 3 1404 1461 788 769 1405 1462 789 770
2184 5 2 0 3 1405 1462 789 770 1406 1463 790 771
2185 5 2 0 3 1406 1463 790 771 1407 1464 791 772
2186 5 2 0 3 1407 1464 791 772 1408 1465 792 773
2187 5 2 0 3 1408 1465 792 773 1409 1466 793 774
2188 5 2 0 3 1409 1466 793 774 1410 1467 794 775
2189 5 2 0 3 1410 1467 794 775 1411 1468 795 776
2190 5 2 0 3 1411 1468 795 776 1412 1469 796 777
2191 5 2 0 3 1412 1469 796 777 1413 1470 797 778
2192 5 2 0 3 1413 1470 797 778 1414 1471 798 779
2193 5 2 0 3 1414 1471 798 779 1415 1472 799 780
2194 5 2 0 3 1415 1472 799 780 821 824 194 195
2195 5 2 0 3 23 24 267 264 364 383 1473 1416
2196 5 2 0 3 364 383 1473 1416 365 384 1474 1417
2197 5 2 0 3 365 384 1474 1417 366 385 1475 1418
2198 5 2 0 3 366 385 1475 1418 367 386 1476 1419
2199 5 2 0 3 367 386 1476 1419 368 387 1477 1420
2200 5 2 0 3 368 387 1477 1420 369 388 1478 1421
2201 5 2 0 3 369 388 1478 1421 370 389 1479 1422
2202 5 2 0 3 370 389 1479 1422 371 390 1480 1423
2203 5 2 0 3 371 390 1480 1423 372 391 1481 1424
2204 5 2 0 3 372 391 1481 1424 373 392 1482 1425
2205 5 2 0 3 373 392 1482 1425 374 393 1483 1426
2206 5 2 0 3 374 393 1483 1426 375 394 1484 1427
2207 5 2 0 3 375 394 1484 1427 376 395 1485 1428
2208 5 2 0 3 376 395 1485 1428 377 396 1486 1429
2209 5 2 0 3 377 396 1486 1429 378 397 1487 1430
2210 5 2 0 3 378 397 1487 1430 379 398 1488 1431
2211 5 2 0 3 379 398 1488 1431 380 399 1489 1432
2212 5 2 0 3 380 399 1489 1432 381 400 1490 1433
2213 5 2 0 3 381 400 1490 1433 382 401 1491 1434
2214 5 2 0 3 382 401 1491 1434 59 60 825 822
2215 5 2 0 3 264 267 268 265 1416 1473 1492 1435
2216 5 2 0 3 1416 1473 1492 1435 1417 1474 1493 1436
2217 5 2 0 3 1417 1474 1493 1436 1418 1475 1494 1437
2218 5 2 0 3 1418 1475 1494 1437 1419 1476 1495 1438
2219 5 2 0 3 1419 1476 1495 1438 1420 1477 1496 1439
2220 5 2 0 3 1420 1477 1496 1439 1421 1478 1497 1440
2221 5 2 0 3 1421 1478 1497 1440 1422 1479 1498 1441
2222 5 2 0 3 1422 1479 1498 1441 1423 1480 1499 1442
2223 5 2 0 3 1423 1480 1499 1442 1424 1481 1500 1443
2224 5 2 0 3 1424 1481 1500 1443 1425 1482 1501 1444
2225 5 2 0 3 1425 1482 1501 1444 1426 1483 1502 1445
2226 5 2 0 3 1426 1483 1502 1445 1427 1484 1503 1446
2227 5 2 0 3 1427 1484 1503 1446 1428 1485 1504 1447
2228 5 2 0 3 1428 1485 1504 1447 1429 1486 1505 1448
2229 5 2 0 3 1429 1486 1505 1448 1430 1487 1506 1449
2230 5 2 0 3 1430 1487 1506 1449 1431 1488 1507 1450
2231 5 2 0 3 1431 1488 1507 1450 1432 1489 1508 1451
2232 5 2 0 3 1432 1489 1508 1451 1433 1490 1509 1452
2233 5 2 0 3 1433 1490 1509 1452 1434 1491 1510 1453
2234 5 2 0 3 1434 1491 1510 1453 822 825 826 823
2235 5 2 0 3 265 268 269 266 1435 1492 1511 1454
2236 5 2 0 3 1435 1492 1511 1454 1436 1493 1512 1455
2237 5 2 0 3 1436 1493 1512 1455 1437 1494 1513 1456
2238 5 2 0 3 1437 1494 1513 1456 1438 1495 1514 1457
2239 5 2 0 3 1438 1495 1514 1457 1439 1496 1515 1458
2240 5 2 0 3 1439 1496 1515 1458 1440 1497 1516 1459
2241 5 2 0 3 1440 1497 1516 1459 1441 1498 1517 1460
2242 5 2 0 3 1441 1498 1517 1460 1442 1499 1518 1461
2243 5 2 0 3 1442 1499 1518 1461 1443 1500 1519 1462
2244 5 2 0 3 1443 1500 1519 1462 1444 1501 1520 1463
2245 5 2 0 3 1444 1501 1520 1463 1445 1502 1521 1464
2246 5 2 0 3 1445 1502 1521 1464 1446 1503 1522 1465
2247 5 2 0 3 1446 1503 1522 1465 1447 1504 1523 1466
2248 5 2 0 3 1447 1504 1523 1466 1448 1505 1524 1467
2249 5 2 0 3 1448 1505 1524 1467 1449 1506 1525 1468
2250 5 2 0 3 1449 1506 1525 1468 1450 1507 1526 1469
2251 5 2 0 3 1450 1507 1526 1469 1451 1508 1527 1470
2252 5 2 0 3 1451 1508 1527 1470 1452 1509 1528 1471
2253 5 2 0 3 1452 1509 1528 1471 1453 1510 1529 1472
2254 5 2 0 3 1453 1510 1529 1472 823 826 827 824
2255 5 2 0 3 266 269 48 47 1454 1511 800 781
2256 5 2 0 3 1454 1511 800 781 1455 1512 801 782
2257 5 2 0 3 1455 1512 801 782 1456 1513 802 783
2258 5 2 0 3 1456 1513 802 783 1457 1514 803 784
2259 5 2 0 3 1457 1514 803 784 1458 1515 804 785
2260 5 2 0 3 1458 1515 804 785 1459 1516 805 786
2261 5 2 0 3 1459 1516 805 786 1460 1517 806 787
2262 5 2 0 3 1460 1517 806 787 1461 1518 807 788
2263 5 2 0 3 1461 1518 807 788 1462 1519 808 789
2264 5 2 0 3 1462 1519 808 789 1463 1520 809 790
2265 5 2 0 3 1463 1520 809 790 1464 1521 810 791
2266 5 2 0 3 1464 1521 810 791 1465 1522 811 792
2267 5 2 0 3 1465 1522 811 792 1466 1523 812 793
2268 5 2 0 3 1466 1523 812 793 1467 1524 813 794
2269 5 2 0 3 1467 1524 813 794 1468 1525 814 795
2270 5 2 0 3 1468 1525 814 795 1469 1526 815 796
2271 5 2 0 3 1469 1526 815 796 1470 1527 816 797
2272 5 2 0 3 1470 1527 816 797 1471 1528 817 798
2273 5 2 0 3 1471 1528 817 798 1472 1529 818 799
2274 5 2 0 3 1472 1529 818 799 824 827 193 194
2275 5 2 0 3 24 4 37 267 383 105 705 1473
2276 5 2 0 3 383 105 705 1473 384 106 706 1474
2277 5 2 0 3 384 106 706 1474 385 107 707 1475
2278 5 2 0 3 385 107 707 1475 386 108 708 1476
2279 5 2 0 3 386 108 708 1476 387 109 709 1477
2280 5 2 0 3 387 109 709 1477 388 110 710 1478
2281 5 2 0 3 388 110 710 1478 389 111 711 1479
2282 5 2 0 3 389 111 711 1479 390 112 712 1480
2283 5 2 0 3 390 112 712 1480 391 113 713 1481
2284 5 2 0 3 391 113 713 1481 392 114 714 1482
2285 5 2 0 3 392 114 714 1482 393 115 715 1483
2286 5 2 0 3 393 115 715 1483 394 116 716 1484
2287 5 2 0 3 394 116 716 1484 395 117 717 1485
2288 5 2 0 3 395 117 717 1485 396 118 718 1486
2289 5 2 0 3 396 118 718 1486 397 119 719 1487
2290 5 2 0 3 397 119 719 1487 398 120 720 1488
2291 5 2 0 3 398 120 720 1488 399 121 721 1489
2292 5 2 0 3 399 121 721 1489 400 122 722 1490
2293 5 2 0 3 400 122 722 1490 401 123 723 1491
2294 5 2 0 3 401 123 723 1491 60 12 190 825
2295 5 2 0 3 267 37 38 268 1473 705 724 1492
2296 5 2 0 3 1473 705 724 1492 1474 706 725 1493
2297 5 2 0 3 1474 706 725 1493 1475 707 726 1494
2298 5 2 0 3 1475 707 726 1494 1476 708 727 1495
2299 5 2 0 3 1476 708 727 1495 1477 709 728 1496
2300 5 2 0 3 1477 709 728 1496 1478 710 729 1497
2301 5 2 0 3 1478 710 729 1497 1479 711 730 1498
2302 5 2 0 3 1479 711 730 1498 1480 712 731 1499
2303 5 2 0 3 1480 712 731 1499 1481 713 732 1500
2304 5 2 0 3 1481 713 732 1500 1482 714 733 1501
2305 5 2 0 3 1482 714 733 1501 1483 715 734 1502
2306 5 2 0 3 1483 715 734 1502 1484 716 735 1503
2307 5 2 0 3 1484 716 735 1503 1485 717 736 1504
2308 5 2 0 3 1485 717 736 1504 1486 718 737 1505
2309 5 2 0 3 1486 718 737 1505 1487 719 738 1506
2310 5 2 0 3 1487 719 738 1506 1488 720 739 1507
2311 5 2 0 3 1488 720 739 1507 1489 721 740 1508
2312 5 2 0 3 1489 721 740 1508 1490 722 741 1509
2313 5 2 0 3 1490 722 741 1509 1491 723 742 1510
2314 5 2 0 3 1491 723 742 1510 825 190 191 826
2315 5 2 0 3 268 38 39 269 1492 724 743 1511
2316 5 2 0 3 1492 724 743 1511 1493 725 744 1512
2317 5 2 0 3 1493 725 744 1512 1494 726 745 1513
2318 5 2 0 3 1494 726 745 1513 1495 727 746 1514
2319 5 2 0 3 1495 727 746 1514 1496 728 747 1515
2320 5 2 0 3 1496 728 747 1515 1497 729 748 1516
2321 5 2 0 3 1497 729 748 1516 1498 730 749 1517
2322 5 2 0 3 1498 730 749 1517 1499 731 750 1518
2323 5 2 0 3 1499 731 750 1518 1500 732 751 1519
2324 5 2 0 3 1500 732 751 1519 1501 733 752 1520
2325 5 2 0 3 1501 733 752 1520 1502 734 753 1521
2326 5 2 0 3 1502 734 753 1521 1503 735 754 1522
2327 5 2 0 3 1503 735 754 1522 1504 736 755 1523
2328 5 2 0 3 1504 736 755 1523 1505 737 756 1524
2329 5 2 0 3 1505 737 756 1524 1506 738 757 1525
2330 5 2 0 3 1506 738 757 1525 1507 739 758 1526
2331 5 2 0 3 1507 739 758 1526 1508 740 759 1527
2332 5 2 0 3 1508 740 759 1527 1509 741 760 1528
2333 5 2 0 3 1509 741 760 1528 1510 742 761 1529
2334 5 2 0 3 1510 742 761 1529 826 191 192 827
2335 5 2 0 3 269 39 8 48 1511 743 196 800
2336 5 2 0 3 1511 743 196 800 1512 744 197 801
2337 5 2 0 3 1512 744 197 801 1513 745 198 802
2338 5 2 0 3 1513 745 198 802 1514 746 199 803
2339 5 2 0 3 1514 746 199 803 1515 747 200 804
2340 5 2 0 3 1515 747 200 804 1516 748 201 805
2341 5 2 0 3 1516 748 201 805 1517 749 202 806
2342 5 2 0 3 1517 749 202 806 1518 750 203 807
2343 5 2 0 3 1518 750 203 807 1519 751 204 808
2344 5 2 0 3 1519 751 204 808 1520 752 205 809
2345 5 2 0 3 1520 752 205 809 1521 753 206 810
2346 5 2 0 3 1521 753 206 810 1522 754 207 811
2347 5 2 0 3 1522 754 207 811 1523 755 208 812
2348 5 2 0 3 1523 755 208 812 1524 756 209 813
2349 5 2 0 3 1524 756 209 813 1525 757 210 814
2350 5 2 0 3 1525 757 210 814 1526 758 211 815
2351 5 2 0 3 1526 758 211 815 1527 759 212 816
2352 5 2 0 3 1527 759 212 816 1528 760 213 817
2353 5 2 0 3 1528 760 213 817 1529 761 214 818
2354 5 2 0 3 1529 761 214 818 827 192 17 193
2355 5 2 0 4 4 25 270 37 105 402 1530 705
2356 5 2 0 4 105 402 1530 705 106 403 1531 706
2357 5 2 0 4 106 403 1531 706 107 404 1532 707
2358 5 2 0 4 107 404 1532 707 108 405 1533 708
2359 5 2 0 4 108 405 1533 708 109 406 1534 709
2360 5 2 0 4 109 406 1534 709 110 407 1535 710
2361 5 2 0 4 110 407 1535 710 111 408 1536 711
2362 5 2 0 4 111 408 1536 711 112 409 1537 712
2363 5 2 0 4 112 409 1537 712 113 410 1538 713
2364 5 2 0 4 113 410 1538 713 114 411 1539 714
2365 5 2 0 4 114 411 1539 714 115 412 1540 715
2366 5 2 0 4 115 412 1540 715 116 413 1541 716
2367 5 2 0 4 116 413 1541 716 117 414 1542 717
2368 5 2 0 4 117 414 1542 717 118 415 1543 718
2369 5 2 0 4 118 415 1543 718 119 416 1544 719
2370 5 2 0 4 119 416 1544 719 120 417 1545 720
2371 5 2 0 4 120 417 1545 720 121 418 1546 721
2372 5 2 0 4 121 418 1546 721 122 419 1547 722
2373 5 2 0 4 122 419 1547 722 123 420 1548 723
2374 5 2 0 4 123 420 1548 723 12 61 942 190
2375 5 2 0 4 37 270 271 38 705 1530 1549 724
2376 5 2 0 4 705 1530 1549 724 706 1531 1550 725
2377 5 2 0 4 706 1531 1550 725 707 1532 1551 726
2378 5 2 0 4 707 1532 1551 726 708 1533 1552 727
2379 5 2 0 4 708 1533 1552 727 709 1534 1553 728
2380 5 2 0 4 709 1534 1553 728 710 1535 1554 729
2381 5 2 0 4 710 1535 1554 729 711 1536 1555 730
2382 5 2 0 4 711 1536 1555 730 712 1537 1556 731
2383 5 2 0 4 712 1537 1556 731 713 1538 1557 732
2384 5 2 0 4 713 1538 1557 732 714 1539 1558 733
2385 5 2 0 4 714 1539 1558 733 715 1540 1559 734
2386 5 2 0 4 715 1540 1559 734 716 1541 1560 735
2387 5 2 0 4 716 1541 1560 735 717 1542 1561 736
2388 5 2 0 4 717 1542 1561 736 718 1543 1562 737
2389 5 2 0 4 718 1543 1562 737 719 1544 1563 738
2390 5 2 0 4 719 1544 1563 738 720 1545 1564 739
2391 5 2 0 4 720 1545 1564 739 721 1546 1565 740
2392 5 2 0 4 721 1546 1565 740 722 1547 1566 741
2393 5 2 0 4 722 1547 1566 741 723 1548 1567 742
2394 5 2 0 4 723 1548 1567 742 190 942 943 191
2395 5 2 0 4 38 271 272 39 724 1549 1568 743
2396 5 2 0 4 724 1549 1568 743 725 1550 1569 744
2397 5 2 0 4 725 1550 1569 744 726 1551 1570 745
2398 5 2 0 4 726 1551 1570 745 727 1552 1571 746
2399 5 2 0 4 727 1552 1571 746 728 1553 1572 747
2400 5 2 0 4 728 1553 1572 747 729 1554 1573 748
2401 5 2 0 4 729 1554 1573 748 730 1555 1574 749
2402 5 2 0 4 730 1555 1574 749 731 1556 1575 750
2403 5 2 0 4 731 1556 1575 750 732 1557 1576 751
2404 5 2 0 4 732 1557 1576 751 733 1558 1577 752
2405 5 2 0 4 733 1558 1577 752 734 1559 1578 753
2406 5 2 0 4 734 1559 1578 753 735 1560 1579 754
2407 5 2 0 4 735 1560 1579 754 736 1561 1580 755
2408 5 2 0 4 736 1561 1580 755 737 1562 1581 756
2409 5 2 0 4 737 1562 1581 756 738 1563 1582 757
2410 5 2 0 4 738 1563 1582 757 739 1564 1583 758
2411 5 2 0 4 739 1564 1583 758 740 1565 1584 759
2412 5 2 0 4 740 1565 1584 759 741 1566 1585 760
2413 5 2 0 4 741 1566 1585 760 742 1567 1586 761
2414 5 2 0 4 742 1567 1586 761 191 943 944 192
2415 5 2 0 4 39 272 49 8 743 1568 885 196
2416 5 2 0 4 743 1568 885 196 744 1569 886 197
2417 5 2 0 4 744 1569 886 197 745 1570 887 198
2418 5 2 0 4 745 1570 887 198 746 1571 888 199
2419 5 2 0 4 746 1571 888 199 747 1572 889 200
2420 5 2 0 4 747 1572 889 200 748 1573 890 201
2421 5 2 0 4 748 1573 890 201 749 1574 891 202
2422 5 2 0 4 749 1574 891 202 750 1575 892 203
2423 5 2 0 4 750 1575 892 203 751 1576 893 204
2424 5 2 0 4 751 1576 893 204 752 1577 894 205
2425 5 2 0 4 752 1577 894 205 753 1578 895 206
2426 5 2 0 4 753 1578 895 206 754 1579 896 207
2427 5 2 0 4 754 1579 896 207 755 1580 897 208
2428 5 2 0 4 755 1580 897 208 756 1581 898 209
2429 5 2 0 4 756 1581 898 209 757 1582 899 210
2430 5 2 0 4 757 1582 899 210 758 1583 900 211
2431 5 2 0 4 758 1583 900 211 759 1584 901 212
2432 5 2 0 4 759 1584 901 212 760 1585 902 213
2433 5 2 0 4 760 1585 902 213 761 1586 903 214
2434 5 2 0 4 761 1586 903 214 192 944 220 17
2435 5 2 0 4 25 26 273 270 402 421 1587 1530
2436 5 2 0 4 402 421 1587 1530 403 422 1588 1531
2437 5 2 0 4 403 422 1588 1531 404 423 1589 1532
2438 5 2 0 4 404 423 1589 1532 405 424 1590 1533
2439 5 2 0 4 405 424 1590 1533 406 425 1591 1534
2440 5 2 0 4 406 425 1591 1534 407 426 1592 1535
2441 5 2 0 4 407 426 1592 1535 408 427 1593 1536
2442 5 2 0 4 408 427 1593 1536 409 428 1594 1537
2443 5 2 0 4 409 428 1594 1537 410 429 1595 1538
2444 5 2 0 4 410 429 1595 1538 411 430 1596 1539
2445 5 2 0 4 411 430 1596 1539 412 431 1597 1540
2446 5 2 0 4 412 431 1597 1540 413 432 1598 1541
2447 5 2 0 4 413 432 1598 1541 414 433 1599 1542
2448 5 2 0 4 414 433 1599 1542 415 434 1600 1543
2449 5 2 0 4 415 434 1600 1543 416 435 1601 1544
2450 5 2 0 4 416 435 1601 1544 417 436 1602 1545
2451 5 2 0 4 417 436 1602 1545 418 437 1603 1546
2452 5 2 0 4 418 437 1603 1546 419 438 1604 1547
2453 5 2 0 4 419 438 1604 1547 420 439 1605 1548
2454 5 2 0 4 420 439 1605 1548 61 62 945 942
2455 5 2 0 4 270 273 274 271 1530 1587 1606 1549
2456 5 2 0 4 1530 1587 1606 1549 1531 1588 1607 1550
2457 5 2 0 4 1531 1588 1607 1550 1532 1589 1608 1551
2458 5 2 0 4 1532 1589 1608 1551 1533 1590 1609 1552
2459 5 2 0 4 1533 1590 1609 1552 1534 1591 1610 1553
2460 5 2 0 4 1534 1591 1610 1553 1535 1592 1611 1554
2461 5 2 0 4 1535 1592 1611 1554 1536 1593 1612 1555
2462 5 2 0 4 1536 1593 1612 1555 1537 1594 1613 1556
2463 5 2 0 4 1537 1594 1613 1556 1538 1595 1614 1557
2464 5 2 0 4 1538 1595 1614 1557 1539 1596 1615 1558
2465 5 2 0 4 1539 1596 1615 1558 1540 1597 1616 1559
2466 5 2 0 4 1540 1597 1616 1559 1541 1598 1617 1560
2467 5 2 0 4 1541 1598 1617 1560 1542 1599 1618 1561
2468 5 2 0 4 1542 1599 1618 1561 1543 1600 1619 1562
2469 5 2 0 4 1543 1600 1619 1562 1544 1601 1620 1563
2470 5 2 0 4 1544 1601 1620 1563 1545 1602 1621 1564
2471 5 2 0 4 1545 1602 1621 1564 1546 1603 1622 1565
2472 5 2 0 4 1546 1603 1622 1565 1547 1604 1623 1566
2473 5 2 0 4 1547 1604 1623 1566 1548 1605 1624 1567
2474 5 2 0 4 1548 1605 1624 1567 942 945 946 943
2475 5 2 0 4 271 274 275 272 1549 1606 1625 1568
2476 5 2 0 4 1549 1606 1625 1568 1550 1607 1626 1569
2477 5 2 0 4 1550 1607 1626 1569 1551 1608 1627 1570
2478 5 2 0 4 1551 1608 1627 1570 1552 1609 1628 1571
2479 5 2 0 4 1552 1609 1628 1571 1553 1610 1629 1572
2480 5 2 0 4 1553 1610 1629 1572 1554 1611 1630 1573
2481 5 2 0 4 1554 1611 1630 1573 1555 1612 1631 1574
2482 5 2 0 4 1555 1612 1631 1574 1556 1613 1632 1575
2483 5 2 0 4 1556 1613 1632 1575 1557 1614 1633 1576
2484 5 2 0 4 1557 1614 1633 1576 1558 1615 1634 1577
2485 5 2 0 4 1558 1615 1634 1577 1559 1616 1635 1578
2486 5 2 0 4 1559 1616 1635 1578 1560 1617 1636 1579
2487 5 2 0 4 1560 1617 1636 1579 1561 1618 1637 1580
2488 5 2 0 4 1561 1618 1637 1580 1562 1619 1638 1581
2489 5 2 0 4 1562 1619 1638 1581 1563 1620 1639 1582
2490 5 2 0 4 1563 1620 1639 1582 1564 1621 1640 1583
2491 5 2 0 4 1564 1621 1640 1583 1565 1622 1641 1584
2492 5 2 0 4 1565 1622 1641 1584 1566 1623 1642 1585
2493 5 2 0 4 1566 1623 1642 1585 1567 1624 1643 1586
2494 5 2 0 4 1567 1624 1643 1586 943 946 947 944
2495 5 2 0 4 272 275 50 49 1568 1625 904 885
2496 5 2 0 4 1568 1625 904 885 1569 1626 905 886
2497 5 2 0 4 1569 1626 905 886 1570 1627 906 887
2498 5 2 0 4 1570 1627 906 887 1571 1628 907 888
2499 5 2 0 4 1571 1628 907 888 1572 1629 908 889
2500 5 2 0 4 1572 1629 908 889 1573 1630 909 890
2501 5 2 0 4 1573 1630 909 890 1574 1631 910 891
2502 5 2 0 4 1574 1631 910 891 1575 1632 911 892
2503 5 2 0 4 1575 1632 911 892 1576 1633 912 893
2504 5 2 0 4 1576 1633 912 893 1577 1634 913 894
2505 5 2 0 4 1577 1634 913 894 1578 1635 914 895
2506 5 2 0 4 1578 1635 914 895 1579 1636 915 896
2507 5 2 0 4 1579 1636 915 896 1580 1637 916 897
2508 5 2 0 4 1580 1637 916 897 1581 1638 917 898
2509 5 2 0 4 1581 1638 917 898 1582 1639 918 899
2510 5 2 0 4 1582 1639 918 899 1583 1640 919 900
2511 5 2 0 4 1583 1640 919 900 1584 1641 920 901
2512 5 2 0 4 1584 1641 920 901 1585 1642 921 902
2513 5 2 0 4 1585 1642 921 902 1586 1643 922 903
2514 5 2 0 4 1586 1643 922 903 944 947 219 220
2515 5 2 0 4 26 27 276 273 421 440 1644 1587
2516 5 2 0 4 421 440 1644 1587 422 441 1645 1588
2517 5 2 0 4 422 441 1645 1588 423 442 1646 1589
2518 5 2 0 4 423 442 1646 1589 424 443 1647 1590
2519 5 2 0 4 424 443 1647 1590 425 444 1648 1591
2520 5 2 0 4 425 444 1648 1591 426 445 1649 1592
2521 5 2 0 4 426 445 1649 1592 427 446 1650 1593
2522 5 2 0 4 427 446 1650 1593 428 447 1651 1594
2523 5 2 0 4 428 447 1651 1594 429 448 1652 1595
2524 5 2 0 4 429 448 1652 1595 430 449 1653 1596
2525 5 2 0 4 430 449 1653 1596 431 450 1654 1597
2526 5 2 0 4 431 450 1654 1597 432 451 1655 1598
2527 5 2 0 4 432 451 1655 1598 433 452 1656 1599
2528 5 2 0 4 433 452 1656 1599 434 453 1657 1600
2529 5 2 0 4 434 453 1657 1600 435 454 1658 1601
2530 5 2 0 4 435 454 1658 1601 436 455 1659 1602
2531 5 2 0 4 436 455 1659 1602 437 456 1660 1603
2532 5 2 0 4 437 456 1660 1603 438 457 1661 1604
2533 5 2 0 4 438 457 1661 1604 439 458 1662 1605
2534 5 2 0 4 439 458 1662 1605 62 63 948 945
2535 5 2 0 4 273 276 277 274 1587 1644 1663 1606
2536 5 2 0 4 1587 1644 1663 1606 1588 1645 1664 1607
2537 5 2 0 4 1588 1645 1664 1607 1589 1646 1665 1608
2538 5 2 0 4 1589 1646 1665 1608 1590 1647 1666 1609
2539 5 2 0 4 1590 1647 1666 1609 1591 1648 1667 1610
2540 5 2 0 4 1591 1648 1667 1610 1592 1649 1668 1611
2541 5 2 0 4 1592 1649 1668 1611 1593 1650 1669 1612
2542 5 2 0 4 1593 1650 1669 1612 1594 1651 1670 1613
2543 5 2 0 4 1594 1651 1670 1613 1595 1652 1671 1614
2544 5 2 0 4 1595 1652 1671 1614 1596 1653 1672 1615
2545 5 2 0 4 1596 1653 1672 1615 1597 1654 1673 1616
2546 5 2 0 4 1597 1654 1673 1616 1598 1655 1674 1617
2547 5 2 0 4 1598 1655 1674 1617 1599 1656 1675 1618
2548 5 2 0 4 1599 1656 1675 1618 1600 1657 1676 1619
2549 5 2 0 4 1600 1657 1676 1619 1601 1658 1677 1620
2550 5 2 0 4 1601 1658 1677 1620 1602 1659 1678 1621
2551 5 2 0 4 1602 1659 1678 1621 1603 1660 1679 1622
2552 5 2 0 4 1603 1660 1679 1622 1604 1661 1680 1623
2553 5 2 0 4 1604 1661 1680 1623 1605 1662 1681 1624
2554 5 2 0 4 1605 1662 1681 1624 945 948 949 946
2555 5 2 0 4 274 277 278 275 1606 1663 1682 1625
2556 5 2 0 4 1606 1663 1682 1625 1607 1664 1683 1626
2557 5 2 0 4 1607 1664 1683 1626 1608 1665 1684 1627
2558 5 2 0 4 1608 1665 1684 1627 1609 1666 1685 1628
2559 5 2 0 4 1609 1666 1685 1628 1610 1667 1686 1629
2560 5 2 0 4 1610 1667 1686 1629 1611 1668 1687 1630
2561 5 2 0 4 1611 1668 1687 1630 1612 1669 1688 1631
2562 5 2 0 4 1612 1669 1688 1631 1613 1670 1689 1632
2563 5 2 0 4 1613 1670 1689 1632 1614 1671 1690 1633
2564 5 2 0 4 1614 1671 1690 1633 1615 1672 1691 1634
2565 5 2 0 4 1615 1672 1691 1634 1616 1673 1692 1635
2566 5 2 0 4 1616 1673 1692 1635 1617 1674 1693 1636
2567 5 2 0 4 1617 1674 1693 1636 1618 1675 1694 1637
2568 5 2 0 4 1618 1675 1694 1637 1619 1676 1695 1638
2569 5 2 0 4 1619 1676 1695 1638 1620 1677 1696 1639
2570 5 2 0 4 1620 1677 1696 1639 1621 1678 1697 1640
2571 5 2 0 4 1621 1678 1697 1640 1622 1679 1698 1641
2572 5 2 0 4 1622 1679 1698 1641 1623 1680 1699 1642
2573 5 2 0 4 1623 1680 1699 1642 1624 1681 1700 1643
2574 5 2 0 4 1624 1681 1700 1643 946 949 950 947
2575 5 2 0 4 275 278 51 50 1625 1682 923 904
2576 5 2 0 4 1625 1682 923 904 1626 1683 924 905
2577 5 2 0 4 1626 1683 924 905 1627 1684 925 906
2578 5 2 0 4 1627 1684 925 906 1628 1685 926 907
2579 5 2 0 4 1628 1685 926 907 1629 1686 927 908
2580 5 2 0 4 1629 1686 927 908 1630 1687 928 909
2581 5 2 0 4 1630 1687 928 909 1631 1688 929 910
2582 5 2 0 4 1631 1688 929 910 1632 1689 930 911
2583 5 2 0 4 1632 1689 930 911 1633 1690 931 912
2584 5 2 0 4 1633 1690 931 912 1634 1691 932 913
2585 5 2 0 4 1634 1691 932 913 1635 1692 933 914
2586 5 2 0 4 1635 1692 933 914 1636 1693 934 915
2587 5 2 0 4 1636 1693 934 915 1637 1694 935 916
2588 5 2 0 4 1637 1694 935 916 1638 1695 936 917
2589 5 2 0 4 1638 1695 936 917 1639 1696 937 918
2590 5 2 0 4 1639 1696 937 918 1640 1697 938 919
2591 5 2 0 4 1640 1697 938 919 1641 1698 939 920
2592 5 2 0 4 1641 1698 939 920 1642 1699 940 921
2593 5 2 0 4 1642 1699 940 921 1643 1700 941 922
2594 5 2 0 4 1643 1700 941 922 947 950 218 219
2595 5 2 0 4 27 5 40 276 440 124 828 1644
2596 5 2 0 4 440 124 828 1644 441 125 829 1645
2597 5 2 0 4 441 125 829 1645 442 126 830 1646
2598 5 2 0 4 442 126 830 1646 443 127 831 1647
2599 5 2 0 4 443 127 831 1647 444 128 832 1648
2600 5 2 0 4 444 128 832 1648 445 129 833 1649
2601 5 2 0 4 445 129 833 1649 446 130 834 1650
2602 5 2 0 4 446 130 834 1650 447 131 835 1651
2603 5 2 0 4 447 131 835 1651 448 132 836 1652
2604 5 2 0 4 448 132 836 1652 449 133 837 1653
2605 5 2 0 4 449 133 837 1653 450 134 838 1654
2606 5 2 0 4 450 134 838 1654 451 135 839 1655
2607 5 2 0 4 451 135 839 1655 452 136 840 1656
2608 5 2 0 4 452 136 840 1656 453 137 841 1657
2609 5 2 0 4 453 137 841 1657 454 138 842 1658
2610 5 2 0 4 454 138 842 1658 455 139 843 1659
2611 5 2 0 4 455 139 843 1659 456 140 844 1660
2612 5 2 0 4 456 140 844 1660 457 141 845 1661
2613 5 2 0 4 457 141 845 1661 458 142 846 1662
2614 5 2 0 4 458 142 846 1662 63 13 215 948
2615 5 2 0 4 276 40 41 277 1644 828 847 1663
2616 5 2 0 4 1644 828 847 1663 1645 829 848 1664
2617 5 2 0 4 1645 829 848 1664 1646 830 849 1665
2618 5 2 0 4 1646 830 849 1665 1647 831 850 1666
2619 5 2 0 4 1647 831 850 1666 1648 832 851 1667
2620 5 2 0 4 1648 832 851 1667 1649 833 852 1668
2621 5 2 0 4 1649 833 852 1668 1650 834 853 1669
2622 5 2 0 4 1650 834 853 1669 1651 835 854 1670
2623 5 2 0 4 1651 835 854 1670 1652 836 855 1671
2624 5 2 0 4 1652 836 855 1671 1653 837 856 1672
2625 5 2 0 4 1653 837 856 1672 1654 838 857 1673
2626 5 2 0 4 1654 838 857 1673 1655 839 858 1674
2627 5 2 0 4 1655 839 858 1674 1656 840 859 1675
2628 5 2 0 4 1656 840 859 1675 1657 841 860 1676
2629 5 2 0 4 1657 841 860 1676 1658 842 861 1677
2630 5 2 0 4 1658 842 861 1677 1659 843 862 1678
2631 5 2 0 4 1659 843 862 1678 1660 844 863 1679
2632 5 2 0 4 1660 844 863 1679 1661 845 864 1680
2633 5 2 0 4 1661 845 864 1680 1662 846 865 1681
2634 5 2 0 4 1662 846 865 1681 948 215 216 949
2635 5 2 0 4 277 41 42 278 1663 847 866 1682
2636 5 2 0 4 1663 847 866 1682 1664 848 867 1683
2637 5 2 0 4 1664 848 867 1683 1665 849 868 1684
2638 5 2 0 4 1665 849 868 1684 1666 850 869 1685
2639 5 2 0 4 1666 850 869 1685 1667 851 870 1686
2640 5 2 0 4 1667 851 870 1686 1668 852 871 1687
2641 5 2 0 4 1668 852 871 1687 1669 853 872 1688
2642 5 2 0 4 1669 853 872 1688 1670 854 873 1689
2643 5 2 0 4 1670 854 873 1689 1671 855 874 1690
2644 5 2 0 4 1671 855 874 1690 1672 856 875 1691
2645 5 2 0 4 1672 856 875 1691 1673 857 876 1692
2646 5 2 0 4 1673 857 876 1692 1674 858 877 1693
2647 5 2 0 4 1674 858 877 1693 1675 859 878 1694
2648 5 2 0 4 1675 859 878 1694 1676 860 879 1695
2649 5 2 0 4 1676 860 879 1695 1677 861 880 1696
2650 5 2 0 4 1677 861 880 1696 1678 862 881 1697
2651 5 2 0 4 1678 862 881 1697 1679 863 882 1698
2652 5 2 0 4 1679 863 882 1698 1680 864 883 1699
2653 5 2 0 4 1680 864 883 1699 1681 865 884 1700
2654 5 2 0 4 1681 865 884 1700 949 216 217 950
2655 5 2 0 4 278 42 9 51 1682 866 221 923
2656 5 2 0 4 1682 866 221 923 1683 867 222 924
2657 5 2 0 4 1683 867 222 924 1684 868 223 925
2658 5 2 0 4 1684 868 223 925 1685 869 224 926
2659 5 2 0 4 1685 869 224 926 1686 870 225 927
2660 5 2 0 4 1686 870 225 927 1687 871 226 928
2661 5 2 0 4 1687 871 226 928 1688 872 227 929
2662 5 2 0 4 1688 872 227 929 1689 873 228 930
2663 5 2 0 4 1689 873 228 930 1690 874 229 931
2664 5 2 0 4 1690 874 229 931 1691 875 230 932
2665 5 2 0 4 1691 875 230 932 1692 876 231 933
2666 5 2 0 4 1692 876 231 933 1693 877 232 934
2667 5 2 0 4 1693 877 232 934 1694 878 233 935
2668 5 2 0 4 1694 878 233 935 1695 879 234 936
2669 5 2 0 4 1695 879 234 936 1696 880 235 937
2670 5 2 0 4 1696 880 235 937 1697 881 236 938
2671 5 2 0 4 1697 881 236 938 1698 882 237 939
2672 5 2 0 4 1698 882 237 939 1699 883 238 940
2673 5 2 0 4 1699 883 238 940 1700 884 239 941
2674 5 2 0 4 1700 884 239 941 950 217 18 218
2675 5 2 0 5 5 28 279 40 124 459 1701 828
2676 5 2 0 5 124 459 1701 828 125 460 1702 829
2677 5 2 0 5 125 460 1702 829 126 461 1703 830
2678 5 2 0 5 126 461 1703 830 127 462 1704 831
2679 5 2 0 5 127 462 1704 831 128 463 1705 832
2680 5 2 0 5 128 463 1705 832 129 464 1706 833
2681 5 2 0 5 129 464 1706 833 130 465 1707 834
2682 5 2 0 5 130 465 1707 834 131 466 1708 835
2683 5 2 0 5 131 466 1708 835 132 467 1709 836
2684 5 2 0 5 132 467 1709 836 133 468 1710 837
2685 5 2 0 5 133 468 1710 837 134 469 1711 838
2686 5 2 0 5 134 469 1711 838 135 470 1712 839
2687 5 2 0 5 135 470 1712 839 136 471 1713 840
2688 5 2 0 5 136 471 1713 840 137 472 1714 841
2689 5 2 0 5 137 472 1714 841 138 473 1715 842
2690 5 2 0 5 138 473 1715 842 139 474 1716 843
2691 5 2 0 5 139 474 1716 843 140 475 1717 844
2692 5 2 0 5 140 475 1717 844 141 476 1718 845
2693 5 2 0 5 141 476 1718 845 142 477 1719 846
2694 5 2 0 5 142 477 1719 846 13 64 1008 215
2695 5 2 0 5 40 279 280 41 828 1701 1720 847
2696 5 2 0 5 828 1701 1720 847 829 1702 1721 848
2697 5 2 0 5 829 1702 1721 848 830 1703 1722 849
2698 5 2 0 5 830 1703 1722 849 831 1704 1723 850
2699 5 2 0 5 831 1704 1723 850 832 1705 1724 851
2700 5 2 0 5 832 1705 1724 851 833 1706 1725 852
2701 5 2 0 5 833 1706 1725 852 834 1707 1726 853
2702 5 2 0 5 834 1707 1726 853 835 1708 1727 854
2703 5 2 0 5 835 1708 1727 854 836 1709 1728 855
2704 5 2 0 5 836 1709 1728 855 837 1710 1729 856
2705 5 2 0 5 837 1710 1729 856 838 1711 1730 857
2706 5 2 0 5 838 1711 1730 857 839 1712 1731 858
2707 5 2 0 5 839 1712 1731 858 840 1713 1732 859
2708 5 2 0 5 840 1713 1732 859 841 1714 1733 860
2709 5 2 0 5 841 1714 1733 860 842 1715 1734 861
2710 5 2 0 5 842 1715 1734 861 843 1716 1735 862
2711 5 2 0 5 843 1716 1735 862 844 1717 1736 863
2712 5 2 0 5 844 1717 1736 863 845 1718 1737 864
2713 5 2 0 5 845 1718 1737 864 846 1719 1738 865
2714 5 2 0 5 846 1719 1738 865 215 1008 1009 216
2715 5 2 0 5 41 280 281 42 847 1720 1739 866
2716 5 2 0 5 847 1720 1739 866 848 1721 1740 867
2717 5 2 0 5 848 1721 1740 867 849 1722 1741 868
2718 5 2 0 5 849 1722 1741 868 850 1723 1742 869
2719 5 2 0 5 850 1723 1742 869 851 1724 1743 870
2720 5 2 0 5 851 1724 1743 870 852 1725 1744 871
2721 5 2 0 5 852 1725 1744 871 853 1726 1745 872
2722 5 2 0 5 853 1726 1745 872 854 1727 1746 873
2723 5 2 0 5 854 1727 1746 873 855 1728 1747 874
2724 5 2 0 5 855 1728 1747 874 856 1729 1748 875
2725 5 2 0 5 856 1729 1748 875 857 1730 1749 876
2726 5 2 0 5 857 1730 1749 876 858 1731 1750 877
2727 5 2 0 5 858 1731 1750 877 859 1732 1751 878
2728 5 2 0 5 859 1732 1751 878 860 1733 1752 879
2729 5 2 0 5 860 1733 1752 879 861 1734 1753 880
2730 5 2 0 5 861 1734 1753 880 862 1735 1754 881
2731 5 2 0 5 862 1735 1754 881 863 1736 1755 882
2732 5 2 0 5 863 1736 1755 882 864 1737 1756 883
2733 5 2 0 5 864 1737 1756 883 865 1738 1757 884
2734 5 2 0 5 865 1738 1757 884 216 1009 1010 217
2735 5 2 0 5 42 281 52 9 866 1739 951 221
2736 5 2 0 5 866 1739 951 221 867 1740 952 222
2737 5 2 0 5 867 1740 952 222 868 1741 953 223
2738 5 2 0 5 868 1741 953 223 869 1742 954 224
2739 5 2 0 5 869 1742 954 224 870 1743 955 225
2740 5 2 0 5 870 1743 955 225 871 1744 956 226
2741 5 2 0 5 871 1744 956 226 872 1745 957 227
2742 5 2 0 5 872 1745 957 227 873 1746 958 228
2743 5 2 0 5 873 1746 958 228 874 1747 959 229
2744 5 2 0 5 874 1747 959 229 875 1748 960 230
2745 5 2 0 5 875 1748 960 230 876 1749 961 231
2746 5 2 0 5 876 1749 961 231 877 1750 962 232
2747 5 2 0 5 877 1750 962 232 878 1751 963 233
2748 5 2 0 5 878 1751 963 233 879 1752 964 234
2749 5 2 0 5 879 1752 964 234 880 1753 965 235
2750 5 2 0 5 880 1753 965 235 881 1754 966 236
2751 5 2 0 5 881 1754 966 236 882 1755 967 237
2752 5 2 0 5 882 1755 967 237 883 1756 968 238
2753 5 2 0 5 883 1756 968 238 884 1757 969 239
2754 5 2 0 5 884 1757 969 239 217 1010 242 18
2755 5 2 0 5 28 29 282 279 459 478 1758 1701
2756 5 2 0 5 459 478 1758 1701 460 479 1759 1702
2757 5 2 0 5 460 479 1759 1702 461 480 1760 1703
2758 5 2 0 5 461 480 1760 1703 462 481 1761 1704
2759 5 2 0 5 462 481 1761 1704 463 482 1762 1705
2760 5 2 0 5 463 482 1762 1705 464 483 1763 1706
2761 5 2 0 5 464 483 1763 1706 465 484 1764 1707
2762 5 2 0 5 465 484 1764 1707 466 485 1765 1708
2763 5 2 0 5 466 485 1765 1708 467 486 1766 1709
2764 5 2 0 5 467 486 1766 1709 468 487 1767 1710
2765 5 2 0 5 468 487 1767 1710 469 488 1768 1711
2766 5 2 0 5 469 488 1768 1711 470 489 1769 1712
2767 5 2 0 5 470 489 1769 1712 471 490 1770 1713
2768 5 2 0 5 471 490 1770 1713 472 491 1771 1714
2769 5 2 0 5 472 491 1771 1714 473 492 1772 1715
2770 5 2 0 5 473 492 1772 1715 474 493 1773 1716
2771 5 2 0 5 474 493 1773 1716 475 494 1774 1717
2772 5 2 0 5 475 494 1774 1717 476 495 1775 1718
2773 5 2 0 5 476 495 1775 1718 477 496 1776 1719
2774 5 2 0 5 477 496 1776 1719 64 65 1011 1008
2775 5 2 0 5 279 282 283 280 1701 1758 1777 1720
2776 5 2 0 5 1701 1758 1777 1720 1702 1759 1778 1721
2777 5 2 0 5 1702 1759 1778 1721 1703 1760 1779 1722
2778 5 2 0 5 1703 1760 1779 1722 1704 1761 1780 1723
2779 5 2 0 5 1704 1761 1780 1723 1705 1762 1781 1724
2780 5 2 0 5 1705 1762 1781 1724 1706 1763 1782 1725
2781 5 2 0 5 1706 1763 1782 1725 1707 1764 1783 1726
2782 5 2 0 5 1707 1764 1783 1726 1708 1765 1784 1727
2783 5 2 0 5 1708 1765 1784 1727 1709 1766 1785 1728
2784 5 2 0 5 1709 1766 1785 1728 1710 1767 1786 1729
2785 5 2 0 5 1710 1767 1786 1729 1711 1768 1787 1730
2786 5 2 0 5 1711 1768 1787 1730 1712 1769 1788 1731
2787 5 2 0 5 1712 1769 1788 1731 1713 1770 1789 1732
2788 5 2 0 5 1713 1770 1789 1732 1714 1771 1790 1733
2789 5 2 0 5 1714 1771 1790 1733 1715 1772 1791 1734
2790 5 2 0 5 1715 1772 1791 1734 1716 1773 1792 1735
2791 5 2 0 5 1716 1773 1792 1735 1717 1774 1793 1736
2792 5 2 0 5 1717 1774 1793 1736 1718 1775 1794 1737
2793 5 2 0 5 1718 1775 1794 1737 1719 1776 1795 1738
2794 5 2 0 5 1719 1776 1795 1738 1008 1011 1012 1009
2795 5 2 0 5 280 283 284 281 1720 1777 1796 1739
2796 5 2 0 5 1720 1777 1796 1739 1721 1778 1797 1740
2797 5 2 0 5 1721 1778 1797 1740 1722 1779 1798 1741
2798 5 2 0 5 1722 1779 1798 1741 1723 1780 1799 1742
2799 5 2 0 5 1723 1780 1799 1742 1724 1781 1800 1743
2800 5 2 0 5 1724 1781 1800 1743 1725 1782 1801 1744
2801 5 2 0 5 1725 1782 1801 1744 1726 1783 1802 1745
2802 5 2 0 5 1726 1783 1802 1745 1727 1784 1803 1746
2803 5 2 0 5 1727 1784 1803 1746 1728 1785 1804 1747
2804 5 2 0 5 1728 1785 1804 1747 1729 1786 1805 1748
2805 5 2 0 5 1729 1786 1805 1748 1730 1787 1806 1749
2806 5 2 0 5 1730 1787 1806 1749 1731 1788 1807 1750
2807 5 2 0 5 1731 1788 1807 1750 1732 1789 1808 1751
2808 5 2 0 5 1732 1789 1808 1751 1733 1790 1809 1752
2809 5 2 0 5 1733 1790 1809 1752 1734 1791 1810 1753
2810 5 2 0 5 1734 1791 1810 1753 1735 1792 1811 1754
2811 5 2 0 5 1735 1792 1811 1754 1736 1793 1812 1755
2812 5 2 0 5 1736 1793 1812 1755 1737 1794 1813 1756
2813 5 2 0 5 1737 1794 1813 1756 1738 1795 1814 1757
2814 5 2 0 5 1738 1795 1814 1757 1009 1012 1013 1010
2815 5 2 0 5 281 284 53 52 1739 1796 970 951
2816 5 2 0 5 1739 1796 970 951 1740 1797 971 952
2817 5 2 0 5 1740 1797 971 952 1741 1798 972 953
2818 5 2 0 5 1741 1798 972 953 1742 1799 973 954
2819 5 2 0 5 1742 1799 973 954 1743 1800 974 955
2820 5 2 0 5 1743 1800 974 955 1744 1801 975 956
2821 5 2 0 5 1744 1801 975 956 1745 1802 976 957
2822 5 2 0 5 1745 1802 976 957 1746 1803 977 958
2823 5 2 0 5 1746 1803 977 958 1747 1804 978 959
2824 5 2 0 5 1747 1804 978 959 1748 1805 979 960
2825 5 2 0 5 1748 1805 979 960 1749 1806 980 961
2826 5 2 0 5 1749 1806 980 961 1750 1807 981 962
2827 5 2 0 5 1750 1807 981 962 1751 1808 982 963
2828 5 2 0 5 1751 1808 982 963 1752 1809 983 964
2829 5 2 0 5 1752 1809 983 964 1753 1810 984 965
2830 5 2 0 5 1753 1810 984 965 1754 1811 985 966
2831 5 2 0 5 1754 1811 985 966 1755 1812 986 967
2832 5 2 0 5 1755 1812 986 967 1756 1813 987 968
2833 5 2 0 5 1756 1813 987 968 1757 1814 988 969
2834 5 2 0 5 1757 1814 988 969 1010 1013 241 242
2835 5 2 0 5 29 30 285 282 478 497 1815 1758
2836 5 2 0 5 478 497 1815 1758 479 498 1816 1759
2837 5 2 0 5 479 498 1816 1759 480 499 1817 1760
2838 5 2 0 5 480 499 1817 1760 481 500 1818 1761
2839 5 2 0 5 481 500 1818 1761 482 501 1819 1762
2840 5 2 0 5 482 501 1819 1762 483 502 1820 1763
2841 5 2 0 5 483 502 1820 1763 484 503 1821 1764
2842 5 2 0 5 484 503 1821 1764 485 504 1822 1765
2843 5 2 0 5 485 504 1822 1765 486 505 1823 1766
2844 5 2 0 5 486 505 1823 1766 487 506 1824 1767
2845 5 2 0 5 487 506 1824 1767 488 507 1825 1768
2846 5 2 0 5 488 507 1825 1768 489 508 1826 1769
2847 5 2 0 5 489 508 1826 1769 490 509 1827 1770
2848 5 2 0 5 490 509 1827 1770 491 510 1828 1771
2849 5 2 0 5 491 510 1828 1771 492 511 1829 1772
2850 5 2 0 5 492 511 1829 1772 493 512 1830 1773
2851 5 2 0 5 493 512 1830 1773 494 513 1831 1774
2852 5 2 0 5 494 513 1831 1774 495 514 1832 1775
2853 5 2 0 5 495 514 1832 1775 496 515 1833 1776
2854 5 2 0 5 496 515 1833 1776 65 66 1014 1011
2855 5 2 0 5 282 285 286 283 1758 1815 1834 1777
2856 5 2 0 5 1758 1815 1834 1777 1759 1816 1835 1778
2857 5 2 0 5 1759 1816 1835 1778 1760 1817 1836 1779
2858 5 2 0 5 1760 1817 1836 1779 1761 1818 1837 1780
2859 5 2 0 5 1761 1818 1837 1780 1762 1819 1838 1781
2860 5 2 0 5 1762 1819 1838 1781 1763 1820 1839 1782
2861 5 2 0 5 1763 1820 1839 1782 1764 1821 1840 1783
2862 5 2 0 5 1764 1821 1840 1783 1765 1822 1841 1784
2863 5 2 0 5 1765 1822 1841 1784 1766 1823 1842 1785
2864 5 2 0 5 1766 1823 1842 1785 1767 1824 1843 1786
2865 5 2 0 5 1767 1824 1843 1786 1768 1825 1844 1787
2866 5 2 0 5 1768 1825 1844 1787 1769 1826 1845 1788
2867 5 2 0 5 1769 1826 1845 1788 1770 1827 1846 1789
2868 5 2 0 5 1770 1827 1846 1789 1771 1828 1847 1790
2869 5 2 0 5 1771 1828 1847 1790 1772 1829 1848 1791
2870 5 2 0 5 1772 1829 1848 1791 1773 1830 1849 1792
2871 5 2 0 5 1773 1830 1849 1792 1774 1831 1850 1793
2872 5 2 0 5 1774 1831 1850 1793 1775 1832 1851 1794
2873 5 2 0 5 1775 1832 1851 1794 1776 1833 1852 1795
2874 5 2 0 5 1776 1833 1852 1795 1011 1014 1015 1012
2875 5 2 0 5 283 286 287 284 1777 1834 1853 1796
2876 5 2 0 5 1777 1834 1853 1796 1778 1835 1854 1797
2877 5 2 0 5 1778 1835 1854 1797 1779 1836 1855 1798
2878 5 2 0 5 1779 1836 1855 1798 1780 1837 1856 1799
2879 5 2 0 5 1780 1837 1856 1799 1781 1838 1857 1800
2880 5 2 0 5 1781 1838 1857 1800 1782 1839 1858 1801
2881 5 2 0 5 1782 1839 1858 1801 1783 1840 1859 1802
2882 5 2 0 5 1783 1840 1859 1802 1784 1841 1860 1803
2883 5 2 0 5 1784 1841 1860 1803 1785 1842 1861 1804
2884 5 2 0 5 1785 1842 1861 1804 1786 1843 1862 1805
2885 5 2 0 5 1786 1843 1862 1805 1787 1844 1863 1806
2886 5 2 0 5 1787 1844 1863 1806 1788 1845 1864 1807
2887 5 2 0 5 1788 1845 1864 1807 1789 1846 1865 1808
2888 5 2 0 5 1789 1846 1865 1808 1790 1847 1866 1809
2889 5 2 0 5 1790 1847 1866 1809 1791 1848 1867 1810
2890 5 2 0 5 1791 1848 1867 1810 1792 1849 1868 1811
2891 5 2 0 5 1792 1849 1868 1811 1793 1850 1869 1812
2892 5 2 0 5 1793 1850 1869 1812 1794 1851 1870 1813
2893 5 2 0 5 1794 1851 1870 1813 1795 1852 1871 1814
2894 5 2 0 5 1795 1852 1871 1814 1012 1015 1016 1013
2895 5 2 0 5 284 287 54 53 1796 1853 989 970
2896 5 2 0 5 1796 1853 989 970 1797 1854 990 971
2897 5 2 0 5 1797 1854 990 971 1798 1855 991 972
2898 5 2 0 5 1798 1855 991 972 1799 1856 992 973
2899 5 2 0 5 1799 1856 992 973 1800 1857 993 974
2900 5 2 0 5 1800 1857 993 974 1801 1858 994 975
2901 5 2 0 5 1801 1858 994 975 1802 1859 995 976
2902 5 2 0 5 1802 1859 995 976 1803 1860 996 977
2903 5 2 0 5 1803 1860 996 977 1804 1861 997 978
2904 5 2 0 5 1804 1861 997 978 1805 1862 998 979
2905 5 2 0 5 1805 1862 998 979 1806 1863 999 980
2906 5 2 0 5 1806 1863 999 980 1807 1864 1000 981
2907 5 2 0 5 1807 1864 1000 981 1808 1865 1001 982
2908 5 2 0 5 1808 1865 1001 982 1809 1866 1002 983
2909 5 2 0 5 1809 1866 1002 983 1810 1867 1003 984
2910 5 2 0 5 1810 1867 1003 984 1811 1868 1004 985
2911 5 2 0 5 1811 1868 1004 985 1812 1869 1005 986
2912 5 2 0 5 1812 1869 1005 986 1813 1870 1006 987
2913 5 2 0 5 1813 1870 1006 987 1814 1871 1007 988
2914 5 2 0 5 1814 1871 1007 988 1013 1016 240 241
2915 5 2 0 5 30 2 31 285 497 67 639 1815
2916 5 2 0 5 497 67 639 1815 498 68 640 1816
2917 5 2 0 5 498 68 640 1816 499 69 641 1817
2918 5 2 0 5 499 69 641 1817 500 70 642 1818
2919 5 2 0 5 500 70 642 1818 501 71 643 1819
2920 5 2 0 5 501 71 643 1819 502 72 644 1820
2921 5 2 0 5 502 72 644 1820 503 73 645 1821
2922 5 2 0 5 503 73 645 1821 504 74 646 1822
2923 5 2 0 5 504 74 646 1822 505 75 647 1823
2924 5 2 0 5 505 75 647 1823 506 76 648 1824
2925 5 2 0 5 506 76 648 1824 507 77 649 1825
2926 5 2 0 5 507 77 649 1825 508 78 650 1826
2927 5 2 0 5 508 78 650 1826 509 79 651 1827
2928 5 2 0 5 509 79 651 1827 510 80 652 1828
2929 5 2 0 5 510 80 652 1828 511 81 653 1829
2930 5 2 0 5 511 81 653 1829 512 82 654 1830
2931 5 2 0 5 512 82 654 1830 513 83 655 1831
2932 5 2 0 5 513 83 655 1831 514 84 656 1832
2933 5 2 0 5 514 84 656 1832 515 85 657 1833
2934 5 2 0 5 515 85 657 1833 66 10 151 1014
2935 5 2 0 5 285 31 32 286 1815 639 658 1834
2936 5 2 0 5 1815 639 658 1834 1816 640 659 1835
2937 5 2 0 5 1816 640 659 1835 1817 641 660 1836
2938 5 2 0 5 1817 641 660 1836 1818 642 661 1837
2939 5 2 0 5 1818 642 661 1837 1819 643 662 1838
2940 5 2 0 5 1819 643 662 1838 1820 644 663 1839
2941 5 2 0 5 1820 644 663 1839 1821 645 664 1840
2942 5 2 0 5 1821 645 664 1840 1822 646 665 1841
2943 5 2 0 5 1822 646 665 1841 1823 647 666 1842
2944 5 2 0 5 1823 647 666 1842 1824 648 667 1843
2945 5 2 0 5 1824 648 667 1843 1825 649 668 1844
2946 5 2 0 5 1825 649 668 1844 1826 650 669 1845
2947 5 2 0 5 1826 650 669 1845 1827 651 670 1846
2948 5 2 0 5 1827 651 670 1846 1828 652 671 1847
2949 5 2 0 5 1828 652 671 1847 1829 653 672 1848
2950 5 2 0 5 1829 653 672 1848 1830 654 673 1849
2951 5 2 0 5 1830 654 673 1849 1831 655 674 1850
2952 5 2 0 5 1831 655 674 1850 1832 656 675 1851
2953 5 2 0 5 1832 656 675 1851 1833 657 676 1852
2954 5 2 0 5 1833 657 676 1852 1014 151 150 1015
2955 5 2 0 5 286 32 33 287 1834 658 677 1853
2956 5 2 0 5 1834 658 677 1853 1835 659 678 1854
2957 5 2 0 5 1835 659 678 1854 1836 660 679 1855
2958 5 2 0 5 1836 660 679 1855 1837 661 680 1856
2959 5 2 0 5 1837 661 680 1856 1838 662 681 1857
2960 5 2 0 5 1838 662 681 1857 1839 663 682 1858
2961 5 2 0 5 1839 663 682 1858 1840 664 683 1859
2962 5 2 0 5 1840 664 683 1859 1841 665 684 1860
2963 5 2 0 5 1841 665 684 1860 1842 666 685 1861
2964 5 2 0 5 1842 666 685 1861 1843 667 686 1862
2965 5 2 0 5 1843 667 686 1862 1844 668 687 1863
2966 5 2 0 5 1844 668 687 1863 1845 669 688 1864
2967 5 2 0 5 1845 669 688 1864 1846 670 689 1865
2968 5 2 0 5 1846 670 689 1865 1847 671 690 1866
2969 5 2 0 5 1847 671 690 1866 1848 672 691 1867
2970 5 2 0 5 1848 672 691 1867 1849 673 692 1868
2971 5 2 0 5 1849 673 692 1868 1850 674 693 1869
2972 5 2 0 5 1850 674 693 1869 1851 675 694 1870
2973 5 2 0 5 1851 675 694 1870 1852 676 695 1871
2974 5 2 0 5 1852 676 695 1871 1015 150 149 1016
2975 5 2 0 5 287 33 6 54 1853 677 171 989
2976 5 2 0 5 1853 677 171 989 1854 678 172 990
2977 5 2 0 5 1854 678 172 990 1855 679 173 991
2978 5 2 0 5 1855 679 173 991 1856 680 174 992
2979 5 2 0 5 1856 680 174 992 1857 681 175 993
2980 5 2 0 5 1857 681 175 993 1858 682 176 994
2981 5 2 0 5 1858 682 176 994 1859 683 177 995
2982 5 2 0 5 1859 683 177 995 1860 684 178 996
2983 5 2 0 5 1860 684 178 996 1861 685 179 997
2984 5 2 0 5 1861 685 179 997 1862 686 180 998
2985 5 2 0 5 1862 686 180 998 1863 687 181 999
2986 5 2 0 5 1863 687 181 999 1864 688 182 1000
2987 5 2 0 5 1864 688 182 1000 1865 689 183 1001
2988 5 2 0 5 1865 689 183 1001 1866 690 184 1002
2989 5 2 0 5 1866 690 184 1002 1867 691 185 1003
2990 5 2 0 5 1867 691 185 1003 1868 692 186 1004
2991 5 2 0 5 1868 692 186 1004 1869 693 187 1005
2992 5 2 0 5 1869 693 187 1005 1870 694 188 1006
2993 5 2 0 5 1870 694 188 1006 1871 695 189 1007
2994 5 2 0 5 1871 695 189 1007 1016 149 16 240
$EndElements
